Datetime,Energy_Consumption_kWh,Temperature_C,Humidity_Pct,Hour_of_Day,Day_of_Week,Is_Weekend
2024-01-01 00:00:00,4.041,9.55,61.7,0,0,0
2024-01-01 01:00:00,1.714,8.09,61.9,1,0,0
2024-01-01 02:00:00,1.745,7.4,59.0,2,0,0
2024-01-01 03:00:00,1.83,6.76,57.8,3,0,0
2024-01-01 04:00:00,2.022,4.62,56.8,4,0,0
2024-01-01 05:00:00,2.12,3.7,47.5,5,0,0
2024-01-01 06:00:00,2.39,4.07,47.6,6,0,0
2024-01-01 07:00:00,3.169,3.14,46.7,7,0,0
2024-01-01 08:00:00,3.571,2.25,51.3,8,0,0
2024-01-01 09:00:00,3.066,3.01,55.8,9,0,0
2024-01-01 10:00:00,2.543,2.86,60.5,10,0,0
2024-01-01 11:00:00,2.218,3.58,60.9,11,0,0
2024-01-01 12:00:00,2.16,4.94,64.0,12,0,0
2024-01-01 13:00:00,2.255,4.74,69.3,13,0,0
2024-01-01 14:00:00,2.015,6.02,70.0,14,0,0
2024-01-01 15:00:00,1.83,7.88,81.9,15,0,0
2024-01-01 16:00:00,1.804,8.7,73.2,16,0,0
2024-01-01 17:00:00,2.036,10.43,80.0,17,0,0
2024-01-01 18:00:00,2.733,10.42,86.1,18,0,0
2024-01-01 19:00:00,3.392,10.57,79.5,19,0,0
2024-01-01 20:00:00,3.448,12.45,77.4,20,0,0
2024-01-01 21:00:00,3.509,11.29,74.5,21,0,0
2024-01-01 22:00:00,2.568,11.02,72.0,22,0,0
2024-01-01 23:00:00,2.072,9.41,73.0,23,0,0
2024-01-02 00:00:00,1.704,9.01,58.4,0,1,0
2024-01-02 01:00:00,1.711,8.32,65.7,1,1,0
2024-01-02 02:00:00,1.725,6.41,53.2,2,1,0
2024-01-02 03:00:00,1.877,6.16,53.6,3,1,0
2024-01-02 04:00:00,2.093,4.49,50.7,4,1,0
2024-01-02 05:00:00,2.125,3.75,52.3,5,1,0
2024-01-02 06:00:00,2.746,2.85,45.2,6,1,0
2024-01-02 07:00:00,2.924,3.88,51.9,7,1,0
2024-01-02 08:00:00,3.567,2.61,58.1,8,1,0
2024-01-02 09:00:00,3.294,2.14,50.3,9,1,0
2024-01-02 10:00:00,2.432,3.72,58.1,10,1,0
2024-01-02 11:00:00,2.207,3.22,59.1,11,1,0
2024-01-02 12:00:00,2.073,5.01,66.3,12,1,0
2024-01-02 13:00:00,2.175,4.8,68.9,13,1,0
2024-01-02 14:00:00,2.053,6.34,70.6,14,1,0
2024-01-02 15:00:00,1.809,8.43,77.1,15,1,0
2024-01-02 16:00:00,1.731,9.84,83.4,16,1,0
2024-01-02 17:00:00,2.011,10.44,78.9,17,1,0
2024-01-02 18:00:00,2.666,10.98,82.2,18,1,0
2024-01-02 19:00:00,3.246,11.33,75.6,19,1,0
2024-01-02 20:00:00,3.627,10.78,75.1,20,1,0
2024-01-02 21:00:00,3.422,11.08,77.0,21,1,0
2024-01-02 22:00:00,2.708,10.79,77.0,22,1,0
2024-01-02 23:00:00,2.258,10.99,69.9,23,1,0
2024-01-03 00:00:00,1.565,9.63,64.1,0,2,0
2024-01-03 01:00:00,1.742,7.29,61.1,1,2,0
2024-01-03 02:00:00,1.738,7.38,53.7,2,2,0
2024-01-03 03:00:00,4.236,5.79,56.2,3,2,0
2024-01-03 04:00:00,1.967,4.54,54.7,4,2,0
2024-01-03 05:00:00,2.167,4.38,49.2,5,2,0
2024-01-03 06:00:00,2.462,3.92,48.6,6,2,0
2024-01-03 07:00:00,3.035,3.42,51.3,7,2,0
2024-01-03 08:00:00,3.47,2.2,50.7,8,2,0
2024-01-03 09:00:00,3.122,2.68,54.2,9,2,0
2024-01-03 10:00:00,2.382,3.52,63.8,10,2,0
2024-01-03 11:00:00,2.206,4.62,60.4,11,2,0
2024-01-03 12:00:00,2.015,4.68,63.9,12,2,0
2024-01-03 13:00:00,2.022,5.95,66.9,13,2,0
2024-01-03 14:00:00,1.981,6.57,74.7,14,2,0
2024-01-03 15:00:00,1.674,7.68,75.1,15,2,0
2024-01-03 16:00:00,1.571,9.97,76.0,16,2,0
2024-01-03 17:00:00,1.975,11.24,83.5,17,2,0
2024-01-03 18:00:00,2.611,11.1,84.3,18,2,0
2024-01-03 19:00:00,3.266,12.2,77.7,19,2,0
2024-01-03 20:00:00,3.55,11.97,72.4,20,2,0
2024-01-03 21:00:00,3.285,11.22,78.6,21,2,0
2024-01-03 22:00:00,2.687,11.37,70.4,22,2,0
2024-01-03 23:00:00,2.156,11.37,71.3,23,2,0
2024-01-04 00:00:00,1.691,9.5,59.1,0,3,0
2024-01-04 01:00:00,1.417,9.37,63.8,1,3,0
2024-01-04 02:00:00,1.91,5.7,53.9,2,3,0
2024-01-04 03:00:00,1.778,6.61,56.6,3,3,0
2024-01-04 04:00:00,1.94,5.08,52.1,4,3,0
2024-01-04 05:00:00,2.082,3.92,47.6,5,3,0
2024-01-04 06:00:00,2.5,3.45,48.8,6,3,0
2024-01-04 07:00:00,3.244,1.75,52.6,7,3,0
2024-01-04 08:00:00,3.461,2.66,52.3,8,3,0
2024-01-04 09:00:00,3.047,3.17,56.1,9,3,0
2024-01-04 10:00:00,2.279,4.29,63.4,10,3,0
2024-01-04 11:00:00,2.195,3.81,56.4,11,3,0
2024-01-04 12:00:00,2.178,4.58,69.9,12,3,0
2024-01-04 13:00:00,2.123,5.85,69.2,13,3,0
2024-01-04 14:00:00,1.826,7.87,69.8,14,3,0
2024-01-04 15:00:00,1.764,8.68,71.6,15,3,0
2024-01-04 16:00:00,1.771,9.26,77.4,16,3,0
2024-01-04 17:00:00,2.156,10.82,82.3,17,3,0
2024-01-04 18:00:00,2.654,11.29,79.6,18,3,0
2024-01-04 19:00:00,4.652,12.26,84.0,19,3,0
2024-01-04 20:00:00,3.622,11.42,73.6,20,3,0
2024-01-04 21:00:00,3.216,11.49,75.6,21,3,0
2024-01-04 22:00:00,2.666,11.01,68.7,22,3,0
2024-01-04 23:00:00,2.215,9.66,70.0,23,3,0
2024-01-05 00:00:00,1.589,9.78,67.7,0,4,0
2024-01-05 01:00:00,1.604,8.68,59.9,1,4,0
2024-01-05 02:00:00,1.748,7.37,49.7,2,4,0
2024-01-05 03:00:00,1.77,6.06,55.0,3,4,0
2024-01-05 04:00:00,2.049,4.27,53.3,4,4,0
2024-01-05 05:00:00,2.106,3.94,51.7,5,4,0
2024-01-05 06:00:00,2.482,3.28,53.7,6,4,0
2024-01-05 07:00:00,3.139,2.55,47.3,7,4,0
2024-01-05 08:00:00,3.492,2.79,54.1,8,4,0
2024-01-05 09:00:00,3.074,3.28,58.0,9,4,0
2024-01-05 10:00:00,4.506,4.63,52.2,10,4,0
2024-01-05 11:00:00,2.103,4.32,62.1,11,4,0
2024-01-05 12:00:00,2.2,5.3,63.5,12,4,0
2024-01-05 13:00:00,2.145,6.19,68.6,13,4,0
2024-01-05 14:00:00,1.923,6.26,73.5,14,4,0
2024-01-05 15:00:00,1.756,8.56,74.1,15,4,0
2024-01-05 16:00:00,1.607,9.7,76.0,16,4,0
2024-01-05 17:00:00,1.936,12.08,79.6,17,4,0
2024-01-05 18:00:00,2.827,11.2,76.7,18,4,0
2024-01-05 19:00:00,3.247,11.95,76.2,19,4,0
2024-01-05 20:00:00,3.596,11.91,80.0,20,4,0
2024-01-05 21:00:00,3.384,11.08,72.2,21,4,0
2024-01-05 22:00:00,2.521,12.02,74.5,22,4,0
2024-01-05 23:00:00,1.974,11.07,70.3,23,4,0
2024-01-06 00:00:00,1.41,10.17,59.8,0,5,1
2024-01-06 01:00:00,1.604,8.07,59.1,1,5,1
2024-01-06 02:00:00,1.429,8.29,61.1,2,5,1
2024-01-06 03:00:00,1.929,5.45,51.4,3,5,1
2024-01-06 04:00:00,2.055,5.56,50.6,4,5,1
2024-01-06 05:00:00,1.997,5.6,51.9,5,5,1
2024-01-06 06:00:00,2.441,2.98,52.4,6,5,1
2024-01-06 07:00:00,3.179,2.78,49.8,7,5,1
2024-01-06 08:00:00,3.636,3.03,50.2,8,5,1
2024-01-06 09:00:00,3.428,2.83,58.7,9,5,1
2024-01-06 10:00:00,5.599,2.65,62.7,10,5,1
2024-01-06 11:00:00,3.098,4.34,64.1,11,5,1
2024-01-06 12:00:00,2.866,4.6,65.3,12,5,1
2024-01-06 13:00:00,2.716,6.61,66.5,13,5,1
2024-01-06 14:00:00,2.557,6.94,70.0,14,5,1
2024-01-06 15:00:00,2.202,9.59,77.2,15,5,1
2024-01-06 16:00:00,2.248,9.28,79.2,16,5,1
2024-01-06 17:00:00,2.023,10.5,83.7,17,5,1
2024-01-06 18:00:00,2.838,11.9,82.0,18,5,1
2024-01-06 19:00:00,3.309,11.12,75.0,19,5,1
2024-01-06 20:00:00,3.501,12.15,81.1,20,5,1
2024-01-06 21:00:00,3.241,12.65,72.6,21,5,1
2024-01-06 22:00:00,2.679,10.46,71.3,22,5,1
2024-01-06 23:00:00,2.095,10.82,69.6,23,5,1
2024-01-07 00:00:00,1.419,9.94,71.0,0,6,1
2024-01-07 01:00:00,1.567,9.17,70.4,1,6,1
2024-01-07 02:00:00,1.879,6.8,59.3,2,6,1
2024-01-07 03:00:00,1.87,5.59,53.8,3,6,1
2024-01-07 04:00:00,1.898,5.61,53.6,4,6,1
2024-01-07 05:00:00,2.108,4.55,53.2,5,6,1
2024-01-07 06:00:00,2.582,3.81,49.0,6,6,1
2024-01-07 07:00:00,3.047,3.42,55.9,7,6,1
2024-01-07 08:00:00,3.75,2.65,52.7,8,6,1
2024-01-07 09:00:00,3.446,3.36,55.9,9,6,1
2024-01-07 10:00:00,3.193,3.85,59.5,10,6,1
2024-01-07 11:00:00,3.149,3.96,62.4,11,6,1
2024-01-07 12:00:00,2.715,6.45,67.5,12,6,1
2024-01-07 13:00:00,2.57,6.7,67.0,13,6,1
2024-01-07 14:00:00,2.285,6.87,70.8,14,6,1
2024-01-07 15:00:00,2.041,9.15,72.3,15,6,1
2024-01-07 16:00:00,2.127,9.26,79.3,16,6,1
2024-01-07 17:00:00,2.025,11.25,81.8,17,6,1
2024-01-07 18:00:00,2.481,12.19,81.4,18,6,1
2024-01-07 19:00:00,3.272,11.46,84.5,19,6,1
2024-01-07 20:00:00,4.96,12.69,78.0,20,6,1
2024-01-07 21:00:00,3.16,12.21,77.6,21,6,1
2024-01-07 22:00:00,2.633,12.01,69.2,22,6,1
2024-01-07 23:00:00,1.879,11.94,67.7,23,6,1
2024-01-08 00:00:00,1.631,9.72,67.1,0,0,0
2024-01-08 01:00:00,1.647,8.34,63.7,1,0,0
2024-01-08 02:00:00,1.759,7.1,56.6,2,0,0
2024-01-08 03:00:00,1.82,5.98,54.2,3,0,0
2024-01-08 04:00:00,4.32,5.34,47.5,4,0,0
2024-01-08 05:00:00,2.117,4.66,49.4,5,0,0
2024-01-08 06:00:00,2.48,3.91,52.7,6,0,0
2024-01-08 07:00:00,3.113,3.8,52.2,7,0,0
2024-01-08 08:00:00,3.45,3.16,53.5,8,0,0
2024-01-08 09:00:00,3.081,4.18,54.5,9,0,0
2024-01-08 10:00:00,2.343,3.6,57.5,10,0,0
2024-01-08 11:00:00,1.992,6.11,59.1,11,0,0
2024-01-08 12:00:00,2.011,5.79,67.1,12,0,0
2024-01-08 13:00:00,2.007,5.99,70.1,13,0,0
2024-01-08 14:00:00,1.877,7.03,74.0,14,0,0
2024-01-08 15:00:00,1.742,9.13,74.0,15,0,0
2024-01-08 16:00:00,1.756,9.8,71.5,16,0,0
2024-01-08 17:00:00,2.118,11.3,82.8,17,0,0
2024-01-08 18:00:00,2.512,11.87,78.6,18,0,0
2024-01-08 19:00:00,3.37,12.0,76.9,19,0,0
2024-01-08 20:00:00,3.559,11.69,80.1,20,0,0
2024-01-08 21:00:00,3.384,11.14,74.4,21,0,0
2024-01-08 22:00:00,2.583,11.33,75.7,22,0,0
2024-01-08 23:00:00,2.028,11.4,70.7,23,0,0
2024-01-09 00:00:00,1.538,10.09,67.1,0,1,0
2024-01-09 01:00:00,1.551,8.13,57.0,1,1,0
2024-01-09 02:00:00,1.743,7.82,61.1,2,1,0
2024-01-09 03:00:00,1.886,6.79,55.2,3,1,0
2024-01-09 04:00:00,1.925,4.95,50.9,4,1,0
2024-01-09 05:00:00,2.165,4.64,50.9,5,1,0
2024-01-09 06:00:00,2.442,3.87,44.7,6,1,0
2024-01-09 07:00:00,3.224,2.7,51.7,7,1,0
2024-01-09 08:00:00,3.266,3.46,48.9,8,1,0
2024-01-09 09:00:00,5.196,3.73,50.3,9,1,0
2024-01-09 10:00:00,2.417,4.5,52.9,10,1,0
2024-01-09 11:00:00,2.042,5.2,64.5,11,1,0
2024-01-09 12:00:00,1.964,4.68,63.1,12,1,0
2024-01-09 13:00:00,2.064,6.03,73.5,13,1,0
2024-01-09 14:00:00,1.734,8.07,70.9,14,1,0
2024-01-09 15:00:00,1.732,9.24,70.5,15,1,0
2024-01-09 16:00:00,1.642,10.33,74.6,16,1,0
2024-01-09 17:00:00,1.791,13.27,83.2,17,1,0
2024-01-09 18:00:00,2.69,12.02,79.5,18,1,0
2024-01-09 19:00:00,3.267,12.81,77.8,19,1,0
2024-01-09 20:00:00,3.569,12.86,78.5,20,1,0
2024-01-09 21:00:00,3.225,12.53,77.1,21,1,0
2024-01-09 22:00:00,2.529,11.5,75.9,22,1,0
2024-01-09 23:00:00,2.092,11.43,73.2,23,1,0
2024-01-10 00:00:00,1.531,9.59,63.9,0,2,0
2024-01-10 01:00:00,1.502,8.83,57.1,1,2,0
2024-01-10 02:00:00,1.827,7.52,56.3,2,2,0
2024-01-10 03:00:00,1.953,6.7,55.2,3,2,0
2024-01-10 04:00:00,1.775,6.95,49.1,4,2,0
2024-01-10 05:00:00,2.318,3.52,47.6,5,2,0
2024-01-10 06:00:00,2.427,4.34,51.0,6,2,0
2024-01-10 07:00:00,3.141,2.51,50.4,7,2,0
2024-01-10 08:00:00,3.426,3.05,52.1,8,2,0
2024-01-10 09:00:00,3.172,4.14,52.1,9,2,0
2024-01-10 10:00:00,2.277,3.98,56.8,10,2,0
2024-01-10 11:00:00,2.219,4.01,58.3,11,2,0
2024-01-10 12:00:00,2.038,5.17,67.7,12,2,0
2024-01-10 13:00:00,1.919,7.09,72.0,13,2,0
2024-01-10 14:00:00,1.984,7.41,67.0,14,2,0
2024-01-10 15:00:00,1.673,9.15,72.8,15,2,0
2024-01-10 16:00:00,1.592,10.14,73.5,16,2,0
2024-01-10 17:00:00,2.167,10.65,77.5,17,2,0
2024-01-10 18:00:00,2.646,13.05,79.7,18,2,0
2024-01-10 19:00:00,3.271,12.6,75.1,19,2,0
2024-01-10 20:00:00,3.575,11.16,75.2,20,2,0
2024-01-10 21:00:00,3.199,12.34,72.6,21,2,0
2024-01-10 22:00:00,2.658,11.38,73.1,22,2,0
2024-01-10 23:00:00,2.027,11.58,69.1,23,2,0
2024-01-11 00:00:00,1.468,9.66,62.8,0,3,0
2024-01-11 01:00:00,1.659,8.99,61.6,1,3,0
2024-01-11 02:00:00,1.671,8.2,55.9,2,3,0
2024-01-11 03:00:00,1.604,7.25,53.6,3,3,0
2024-01-11 04:00:00,1.866,4.93,57.0,4,3,0
2024-01-11 05:00:00,2.025,4.52,54.5,5,3,0
2024-01-11 06:00:00,2.462,3.73,46.1,6,3,0
2024-01-11 07:00:00,3.269,3.18,53.0,7,3,0
2024-01-11 08:00:00,3.381,4.48,54.4,8,3,0
2024-01-11 09:00:00,2.999,3.82,50.9,9,3,0
2024-01-11 10:00:00,2.414,3.27,60.0,10,3,0
2024-01-11 11:00:00,2.028,5.3,65.7,11,3,0
2024-01-11 12:00:00,1.966,6.96,61.6,12,3,0
2024-01-11 13:00:00,1.978,7.39,66.1,13,3,0
2024-01-11 14:00:00,2.029,7.03,75.6,14,3,0
2024-01-11 15:00:00,1.728,8.82,76.4,15,3,0
2024-01-11 16:00:00,1.689,10.96,79.6,16,3,0
2024-01-11 17:00:00,2.144,10.71,80.5,17,3,0
2024-01-11 18:00:00,2.536,12.12,81.2,18,3,0
2024-01-11 19:00:00,3.382,12.77,75.5,19,3,0
2024-01-11 20:00:00,3.593,11.91,81.1,20,3,0
2024-01-11 21:00:00,3.178,12.28,79.1,21,3,0
2024-01-11 22:00:00,2.901,9.92,71.8,22,3,0
2024-01-11 23:00:00,2.251,10.54,68.8,23,3,0
2024-01-12 00:00:00,3.123,10.08,60.4,0,4,0
2024-01-12 01:00:00,1.608,8.4,62.7,1,4,0
2024-01-12 02:00:00,1.589,8.96,59.2,2,4,0
2024-01-12 03:00:00,1.901,5.97,54.2,3,4,0
2024-01-12 04:00:00,1.998,5.48,55.4,4,4,0
2024-01-12 05:00:00,2.081,4.89,49.5,5,4,0
2024-01-12 06:00:00,2.377,4.97,51.7,6,4,0
2024-01-12 07:00:00,3.268,2.8,47.5,7,4,0
2024-01-12 08:00:00,3.358,4.21,51.9,8,4,0
2024-01-12 09:00:00,3.161,3.67,53.9,9,4,0
2024-01-12 10:00:00,2.352,3.53,58.2,10,4,0
2024-01-12 11:00:00,2.106,5.11,60.0,11,4,0
2024-01-12 12:00:00,2.016,5.89,64.6,12,4,0
2024-01-12 13:00:00,1.999,6.5,71.4,13,4,0
2024-01-12 14:00:00,1.819,8.07,71.2,14,4,0
2024-01-12 15:00:00,1.825,8.97,70.8,15,4,0
2024-01-12 16:00:00,1.548,10.36,83.2,16,4,0
2024-01-12 17:00:00,1.939,11.62,83.6,17,4,0
2024-01-12 18:00:00,2.701,12.89,76.1,18,4,0
2024-01-12 19:00:00,3.373,11.65,81.6,19,4,0
2024-01-12 20:00:00,3.223,13.83,76.5,20,4,0
2024-01-12 21:00:00,3.284,11.23,76.4,21,4,0
2024-01-12 22:00:00,2.468,11.87,73.4,22,4,0
2024-01-12 23:00:00,1.924,11.6,68.2,23,4,0
2024-01-13 00:00:00,1.23,10.49,62.6,0,5,1
2024-01-13 01:00:00,1.6,8.86,59.0,1,5,1
2024-01-13 02:00:00,1.593,7.95,54.8,2,5,1
2024-01-13 03:00:00,1.797,6.62,51.9,3,5,1
2024-01-13 04:00:00,1.767,5.48,51.8,4,5,1
2024-01-13 05:00:00,2.007,5.41,48.4,5,5,1
2024-01-13 06:00:00,2.407,4.41,52.0,6,5,1
2024-01-13 07:00:00,3.307,3.33,55.0,7,5,1
2024-01-13 08:00:00,3.697,4.14,50.3,8,5,1
2024-01-13 09:00:00,3.484,3.94,55.1,9,5,1
2024-01-13 10:00:00,3.086,4.69,59.0,10,5,1
2024-01-13 11:00:00,3.115,5.3,62.5,11,5,1
2024-01-13 12:00:00,4.393,5.36,65.2,12,5,1
2024-01-13 13:00:00,2.546,6.61,71.1,13,5,1
2024-01-13 14:00:00,2.297,8.57,73.9,14,5,1
2024-01-13 15:00:00,2.225,9.65,71.9,15,5,1
2024-01-13 16:00:00,1.916,10.36,80.6,16,5,1
2024-01-13 17:00:00,2.01,11.38,82.2,17,5,1
2024-01-13 18:00:00,2.424,12.8,77.7,18,5,1
2024-01-13 19:00:00,3.333,12.13,79.6,19,5,1
2024-01-13 20:00:00,3.559,12.97,80.0,20,5,1
2024-01-13 21:00:00,3.301,12.37,75.0,21,5,1
2024-01-13 22:00:00,4.369,11.91,75.7,22,5,1
2024-01-13 23:00:00,1.912,11.99,76.0,23,5,1
2024-01-14 00:00:00,1.345,10.9,62.6,0,6,1
2024-01-14 01:00:00,1.542,9.81,57.0,1,6,1
2024-01-14 02:00:00,1.518,8.95,58.4,2,6,1
2024-01-14 03:00:00,1.666,7.01,56.6,3,6,1
2024-01-14 04:00:00,1.795,6.33,51.3,4,6,1
2024-01-14 05:00:00,2.01,4.81,54.9,5,6,1
2024-01-14 06:00:00,2.391,4.48,46.0,6,6,1
2024-01-14 07:00:00,3.19,3.76,52.6,7,6,1
2024-01-14 08:00:00,3.622,3.74,50.2,8,6,1
2024-01-14 09:00:00,3.377,4.2,59.6,9,6,1
2024-01-14 10:00:00,3.198,3.8,63.5,10,6,1
2024-01-14 11:00:00,2.8,6.27,58.8,11,6,1
2024-01-14 12:00:00,2.907,5.35,63.4,12,6,1
2024-01-14 13:00:00,2.694,6.31,71.5,13,6,1
2024-01-14 14:00:00,2.157,8.9,71.3,14,6,1
2024-01-14 15:00:00,2.108,9.85,75.5,15,6,1
2024-01-14 16:00:00,1.824,10.84,78.1,16,6,1
2024-01-14 17:00:00,2.0,11.78,73.7,17,6,1
2024-01-14 18:00:00,2.688,12.11,80.0,18,6,1
2024-01-14 19:00:00,3.339,12.03,77.4,19,6,1
2024-01-14 20:00:00,3.5,12.78,76.5,20,6,1
2024-01-14 21:00:00,3.225,12.17,79.9,21,6,1
2024-01-14 22:00:00,2.621,12.72,68.7,22,6,1
2024-01-14 23:00:00,2.076,11.33,71.3,23,6,1
2024-01-15 00:00:00,1.471,10.0,64.2,0,0,0
2024-01-15 01:00:00,1.519,9.22,60.3,1,0,0
2024-01-15 02:00:00,1.474,8.5,59.9,2,0,0
2024-01-15 03:00:00,1.793,6.75,55.4,3,0,0
2024-01-15 04:00:00,1.886,5.52,53.7,4,0,0
2024-01-15 05:00:00,2.099,5.23,53.4,5,0,0
2024-01-15 06:00:00,2.434,4.52,49.0,6,0,0
2024-01-15 07:00:00,3.189,3.62,48.7,7,0,0
2024-01-15 08:00:00,3.385,3.49,48.8,8,0,0
2024-01-15 09:00:00,3.138,4.07,51.9,9,0,0
2024-01-15 10:00:00,2.334,3.52,66.3,10,0,0
2024-01-15 11:00:00,2.202,4.26,64.9,11,0,0
2024-01-15 12:00:00,1.931,5.61,60.9,12,0,0
2024-01-15 13:00:00,1.982,7.0,64.9,13,0,0
2024-01-15 14:00:00,1.658,8.48,73.9,14,0,0
2024-01-15 15:00:00,1.586,10.35,77.2,15,0,0
2024-01-15 16:00:00,1.585,11.07,79.6,16,0,0
2024-01-15 17:00:00,1.975,11.39,78.7,17,0,0
2024-01-15 18:00:00,2.502,12.2,79.6,18,0,0
2024-01-15 19:00:00,3.33,12.06,80.5,19,0,0
2024-01-15 20:00:00,3.487,12.81,78.2,20,0,0
2024-01-15 21:00:00,3.188,12.5,68.9,21,0,0
2024-01-15 22:00:00,2.572,12.42,71.8,22,0,0
2024-01-15 23:00:00,2.258,11.02,66.3,23,0,0
2024-01-16 00:00:00,1.541,10.89,65.5,0,1,0
2024-01-16 01:00:00,1.579,10.42,70.1,1,1,0
2024-01-16 02:00:00,1.692,8.28,58.6,2,1,0
2024-01-16 03:00:00,1.741,7.42,53.5,3,1,0
2024-01-16 04:00:00,1.622,6.51,54.8,4,1,0
2024-01-16 05:00:00,1.978,4.93,52.0,5,1,0
2024-01-16 06:00:00,2.361,4.59,51.3,6,1,0
2024-01-16 07:00:00,2.9,4.02,52.3,7,1,0
2024-01-16 08:00:00,3.314,3.92,58.2,8,1,0
2024-01-16 09:00:00,5.605,3.56,51.0,9,1,0
2024-01-16 10:00:00,2.296,4.49,58.9,10,1,0
2024-01-16 11:00:00,2.107,5.49,58.3,11,1,0
2024-01-16 12:00:00,2.025,7.0,66.7,12,1,0
2024-01-16 13:00:00,1.933,7.79,66.1,13,1,0
2024-01-16 14:00:00,1.643,9.68,71.2,14,1,0
2024-01-16 15:00:00,1.554,9.09,74.7,15,1,0
2024-01-16 16:00:00,1.401,11.17,80.9,16,1,0
2024-01-16 17:00:00,1.891,11.69,82.2,17,1,0
2024-01-16 18:00:00,2.402,13.61,76.3,18,1,0
2024-01-16 19:00:00,3.233,12.27,79.7,19,1,0
2024-01-16 20:00:00,3.447,12.4,75.9,20,1,0
2024-01-16 21:00:00,3.262,12.4,71.8,21,1,0
2024-01-16 22:00:00,2.661,11.04,71.8,22,1,0
2024-01-16 23:00:00,4.214,11.29,68.0,23,1,0
2024-01-17 00:00:00,3.524,10.22,72.3,0,2,0
2024-01-17 01:00:00,1.451,9.68,62.4,1,2,0
2024-01-17 02:00:00,1.663,8.63,53.4,2,2,0
2024-01-17 03:00:00,1.649,8.39,52.7,3,2,0
2024-01-17 04:00:00,4.249,6.76,55.1,4,2,0
2024-01-17 05:00:00,2.105,4.91,56.8,5,2,0
2024-01-17 06:00:00,2.516,4.01,45.2,6,2,0
2024-01-17 07:00:00,2.944,4.4,44.9,7,2,0
2024-01-17 08:00:00,3.453,3.16,57.6,8,2,0
2024-01-17 09:00:00,2.978,5.21,55.6,9,2,0
2024-01-17 10:00:00,2.214,5.27,54.9,10,2,0
2024-01-17 11:00:00,2.127,5.0,62.7,11,2,0
2024-01-17 12:00:00,2.104,5.19,57.1,12,2,0
2024-01-17 13:00:00,2.02,8.12,68.9,13,2,0
2024-01-17 14:00:00,1.7,8.41,73.5,14,2,0
2024-01-17 15:00:00,1.594,10.39,78.4,15,2,0
2024-01-17 16:00:00,1.581,9.77,74.9,16,2,0
2024-01-17 17:00:00,2.072,11.31,79.7,17,2,0
2024-01-17 18:00:00,2.442,12.39,77.2,18,2,0
2024-01-17 19:00:00,3.225,12.87,80.3,19,2,0
2024-01-17 20:00:00,3.451,12.73,75.3,20,2,0
2024-01-17 21:00:00,3.111,13.22,74.4,21,2,0
2024-01-17 22:00:00,2.506,11.76,69.5,22,2,0
2024-01-17 23:00:00,1.963,11.6,70.8,23,2,0
2024-01-18 00:00:00,1.54,10.83,67.6,0,3,0
2024-01-18 01:00:00,1.519,9.99,60.4,1,3,0
2024-01-18 02:00:00,1.654,8.95,57.6,2,3,0
2024-01-18 03:00:00,1.92,6.68,50.0,3,3,0
2024-01-18 04:00:00,1.927,5.36,51.1,4,3,0
2024-01-18 05:00:00,1.893,6.11,50.4,5,3,0
2024-01-18 06:00:00,2.417,4.84,57.9,6,3,0
2024-01-18 07:00:00,3.029,3.74,47.2,7,3,0
2024-01-18 08:00:00,3.282,4.97,56.4,8,3,0
2024-01-18 09:00:00,2.909,4.27,57.4,9,3,0
2024-01-18 10:00:00,2.303,5.36,58.3,10,3,0
2024-01-18 11:00:00,2.017,5.41,66.4,11,3,0
2024-01-18 12:00:00,1.908,7.54,66.1,12,3,0
2024-01-18 13:00:00,1.764,8.45,70.0,13,3,0
2024-01-18 14:00:00,1.857,8.41,72.3,14,3,0
2024-01-18 15:00:00,1.55,10.31,79.3,15,3,0
2024-01-18 16:00:00,1.527,11.21,81.3,16,3,0
2024-01-18 17:00:00,1.992,12.58,77.6,17,3,0
2024-01-18 18:00:00,2.674,11.9,76.0,18,3,0
2024-01-18 19:00:00,3.158,13.34,78.9,19,3,0
2024-01-18 20:00:00,3.281,13.72,75.6,20,3,0
2024-01-18 21:00:00,3.516,11.88,75.4,21,3,0
2024-01-18 22:00:00,2.76,11.78,76.2,22,3,0
2024-01-18 23:00:00,2.142,10.55,67.5,23,3,0
2024-01-19 00:00:00,1.405,10.69,64.9,0,4,0
2024-01-19 01:00:00,1.495,10.2,61.3,1,4,0
2024-01-19 02:00:00,1.516,9.51,60.0,2,4,0
2024-01-19 03:00:00,1.823,7.49,47.7,3,4,0
2024-01-19 04:00:00,1.768,7.34,50.2,4,4,0
2024-01-19 05:00:00,1.995,4.61,51.1,5,4,0
2024-01-19 06:00:00,2.433,3.7,53.6,6,4,0
2024-01-19 07:00:00,3.122,4.25,49.0,7,4,0
2024-01-19 08:00:00,3.499,4.36,46.4,8,4,0
2024-01-19 09:00:00,3.153,4.27,56.3,9,4,0
2024-01-19 10:00:00,2.438,3.5,55.6,10,4,0
2024-01-19 11:00:00,2.028,5.41,57.5,11,4,0
2024-01-19 12:00:00,1.789,5.61,63.1,12,4,0
2024-01-19 13:00:00,1.916,7.89,68.3,13,4,0
2024-01-19 14:00:00,1.785,8.87,70.7,14,4,0
2024-01-19 15:00:00,1.706,9.26,69.0,15,4,0
2024-01-19 16:00:00,1.591,10.6,80.7,16,4,0
2024-01-19 17:00:00,1.925,11.21,83.3,17,4,0
2024-01-19 18:00:00,2.605,12.53,82.0,18,4,0
2024-01-19 19:00:00,3.191,13.59,76.1,19,4,0
2024-01-19 20:00:00,3.568,12.58,77.4,20,4,0
2024-01-19 21:00:00,3.236,13.33,75.6,21,4,0
2024-01-19 22:00:00,2.63,12.26,74.3,22,4,0
2024-01-19 23:00:00,1.984,11.39,70.9,23,4,0
2024-01-20 00:00:00,1.445,10.87,62.8,0,5,1
2024-01-20 01:00:00,1.588,9.24,61.4,1,5,1
2024-01-20 02:00:00,1.66,8.36,58.9,2,5,1
2024-01-20 03:00:00,1.856,6.82,58.8,3,5,1
2024-01-20 04:00:00,1.777,7.63,54.1,4,5,1
2024-01-20 05:00:00,2.156,5.55,52.9,5,5,1
2024-01-20 06:00:00,2.618,4.39,50.3,6,5,1
2024-01-20 07:00:00,3.1,4.5,54.7,7,5,1
2024-01-20 08:00:00,3.276,4.15,53.2,8,5,1
2024-01-20 09:00:00,3.496,4.24,51.8,9,5,1
2024-01-20 10:00:00,3.028,5.2,61.7,10,5,1
2024-01-20 11:00:00,2.836,6.0,63.2,11,5,1
2024-01-20 12:00:00,4.623,6.17,63.7,12,5,1
2024-01-20 13:00:00,2.573,7.23,67.4,13,5,1
2024-01-20 14:00:00,2.352,8.58,73.4,14,5,1
2024-01-20 15:00:00,2.009,8.53,77.0,15,5,1
2024-01-20 16:00:00,1.868,10.09,78.6,16,5,1
2024-01-20 17:00:00,3.934,12.75,80.4,17,5,1
2024-01-20 18:00:00,2.522,13.64,85.1,18,5,1
2024-01-20 19:00:00,3.242,12.96,82.7,19,5,1
2024-01-20 20:00:00,3.368,13.61,78.6,20,5,1
2024-01-20 21:00:00,3.085,13.3,78.4,21,5,1
2024-01-20 22:00:00,2.402,14.51,69.4,22,5,1
2024-01-20 23:00:00,1.937,12.63,70.1,23,5,1
2024-01-21 00:00:00,1.563,10.95,70.4,0,6,1
2024-01-21 01:00:00,1.407,9.37,60.5,1,6,1
2024-01-21 02:00:00,1.677,7.82,55.0,2,6,1
2024-01-21 03:00:00,1.595,7.75,52.4,3,6,1
2024-01-21 04:00:00,1.716,6.09,48.7,4,6,1
2024-01-21 05:00:00,2.13,4.76,48.2,5,6,1
2024-01-21 06:00:00,2.476,4.51,48.9,6,6,1
2024-01-21 07:00:00,3.184,3.81,46.3,7,6,1
2024-01-21 08:00:00,3.563,5.32,52.1,8,6,1
2024-01-21 09:00:00,3.298,4.99,57.1,9,6,1
2024-01-21 10:00:00,3.06,4.91,54.8,10,6,1
2024-01-21 11:00:00,3.034,6.52,65.7,11,6,1
2024-01-21 12:00:00,2.777,6.62,66.5,12,6,1
2024-01-21 13:00:00,2.675,7.14,72.0,13,6,1
2024-01-21 14:00:00,2.211,9.74,70.5,14,6,1
2024-01-21 15:00:00,1.843,10.32,78.2,15,6,1
2024-01-21 16:00:00,1.761,10.46,74.7,16,6,1
2024-01-21 17:00:00,1.936,11.91,82.2,17,6,1
2024-01-21 18:00:00,2.671,12.22,80.5,18,6,1
2024-01-21 19:00:00,3.301,12.37,81.1,19,6,1
2024-01-21 20:00:00,3.48,13.91,74.5,20,6,1
2024-01-21 21:00:00,3.028,14.35,72.9,21,6,1
2024-01-21 22:00:00,2.738,11.92,74.3,22,6,1
2024-01-21 23:00:00,1.861,12.38,66.0,23,6,1
2024-01-22 00:00:00,1.479,10.73,66.4,0,0,0
2024-01-22 01:00:00,1.54,9.74,57.0,1,0,0
2024-01-22 02:00:00,1.625,8.52,60.0,2,0,0
2024-01-22 03:00:00,4.179,7.19,50.7,3,0,0
2024-01-22 04:00:00,1.745,6.66,53.7,4,0,0
2024-01-22 05:00:00,1.903,5.2,52.4,5,0,0
2024-01-22 06:00:00,2.356,5.15,47.9,6,0,0
2024-01-22 07:00:00,4.214,4.52,52.3,7,0,0
2024-01-22 08:00:00,3.65,4.25,52.8,8,0,0
2024-01-22 09:00:00,3.105,4.01,52.8,9,0,0
2024-01-22 10:00:00,2.252,4.66,54.5,10,0,0
2024-01-22 11:00:00,1.902,6.18,55.2,11,0,0
2024-01-22 12:00:00,3.844,6.96,66.0,12,0,0
2024-01-22 13:00:00,1.868,7.16,64.2,13,0,0
2024-01-22 14:00:00,1.786,8.98,72.8,14,0,0
2024-01-22 15:00:00,1.706,10.54,74.8,15,0,0
2024-01-22 16:00:00,1.711,10.17,80.0,16,0,0
2024-01-22 17:00:00,1.951,12.44,78.6,17,0,0
2024-01-22 18:00:00,2.542,12.43,79.0,18,0,0
2024-01-22 19:00:00,3.158,13.63,81.7,19,0,0
2024-01-22 20:00:00,3.44,12.98,79.0,20,0,0
2024-01-22 21:00:00,3.388,12.21,76.6,21,0,0
2024-01-22 22:00:00,2.598,11.87,73.9,22,0,0
2024-01-22 23:00:00,1.948,12.16,64.3,23,0,0
2024-01-23 00:00:00,1.234,11.36,67.3,0,1,0
2024-01-23 01:00:00,1.538,9.58,63.0,1,1,0
2024-01-23 02:00:00,1.639,9.35,54.4,2,1,0
2024-01-23 03:00:00,1.691,6.81,53.7,3,1,0
2024-01-23 04:00:00,1.74,6.68,51.9,4,1,0
2024-01-23 05:00:00,2.085,5.07,50.1,5,1,0
2024-01-23 06:00:00,2.273,4.69,51.0,6,1,0
2024-01-23 07:00:00,3.084,4.66,54.8,7,1,0
2024-01-23 08:00:00,3.36,3.97,55.3,8,1,0
2024-01-23 09:00:00,2.988,4.41,50.5,9,1,0
2024-01-23 10:00:00,2.112,5.7,59.4,10,1,0
2024-01-23 11:00:00,2.073,5.47,65.1,11,1,0
2024-01-23 12:00:00,2.113,7.25,66.2,12,1,0
2024-01-23 13:00:00,2.013,7.16,72.2,13,1,0
2024-01-23 14:00:00,1.679,9.33,78.5,14,1,0
2024-01-23 15:00:00,1.643,11.04,78.7,15,1,0
2024-01-23 16:00:00,1.627,9.78,78.7,16,1,0
2024-01-23 17:00:00,2.101,11.72,82.6,17,1,0
2024-01-23 18:00:00,2.565,13.27,80.4,18,1,0
2024-01-23 19:00:00,2.932,13.25,79.6,19,1,0
2024-01-23 20:00:00,3.34,13.75,76.9,20,1,0
2024-01-23 21:00:00,3.261,13.02,80.3,21,1,0
2024-01-23 22:00:00,2.535,12.99,70.0,22,1,0
2024-01-23 23:00:00,1.876,12.13,73.5,23,1,0
2024-01-24 00:00:00,1.309,12.0,66.5,0,2,0
2024-01-24 01:00:00,1.338,10.37,56.9,1,2,0
2024-01-24 02:00:00,1.573,9.25,58.6,2,2,0
2024-01-24 03:00:00,1.887,7.64,48.1,3,2,0
2024-01-24 04:00:00,1.877,6.52,53.9,4,2,0
2024-01-24 05:00:00,2.153,5.62,53.2,5,2,0
2024-01-24 06:00:00,2.404,5.41,48.2,6,2,0
2024-01-24 07:00:00,3.097,4.47,50.9,7,2,0
2024-01-24 08:00:00,3.498,4.75,57.9,8,2,0
2024-01-24 09:00:00,2.924,5.98,52.9,9,2,0
2024-01-24 10:00:00,2.186,5.71,54.3,10,2,0
2024-01-24 11:00:00,2.106,5.71,65.6,11,2,0
2024-01-24 12:00:00,2.008,7.56,70.9,12,2,0
2024-01-24 13:00:00,1.87,7.68,68.9,13,2,0
2024-01-24 14:00:00,1.808,7.87,75.5,14,2,0
2024-01-24 15:00:00,1.674,9.66,79.6,15,2,0
2024-01-24 16:00:00,1.683,10.23,75.8,16,2,0
2024-01-24 17:00:00,2.026,12.08,78.0,17,2,0
2024-01-24 18:00:00,2.407,13.02,83.7,18,2,0
2024-01-24 19:00:00,3.26,14.47,84.5,19,2,0
2024-01-24 20:00:00,3.364,13.81,79.7,20,2,0
2024-01-24 21:00:00,3.139,13.34,73.0,21,2,0
2024-01-24 22:00:00,2.409,13.52,78.5,22,2,0
2024-01-24 23:00:00,2.266,10.98,67.3,23,2,0
2024-01-25 00:00:00,1.418,11.52,64.0,0,3,0
2024-01-25 01:00:00,1.391,10.76,62.1,1,3,0
2024-01-25 02:00:00,1.729,8.25,62.2,2,3,0
2024-01-25 03:00:00,1.689,8.67,57.0,3,3,0
2024-01-25 04:00:00,1.751,7.1,53.3,4,3,0
2024-01-25 05:00:00,2.037,5.72,51.9,5,3,0
2024-01-25 06:00:00,2.249,5.64,50.1,6,3,0
2024-01-25 07:00:00,2.838,6.18,52.2,7,3,0
2024-01-25 08:00:00,3.178,4.77,44.4,8,3,0
2024-01-25 09:00:00,2.869,4.97,53.5,9,3,0
2024-01-25 10:00:00,2.402,5.0,58.2,10,3,0
2024-01-25 11:00:00,2.173,5.48,57.7,11,3,0
2024-01-25 12:00:00,1.908,7.43,66.2,12,3,0
2024-01-25 13:00:00,2.056,7.5,68.3,13,3,0
2024-01-25 14:00:00,1.744,9.23,77.8,14,3,0
2024-01-25 15:00:00,1.61,10.07,80.3,15,3,0
2024-01-25 16:00:00,1.501,11.73,76.6,16,3,0
2024-01-25 17:00:00,1.912,12.58,79.0,17,3,0
2024-01-25 18:00:00,2.448,13.72,79.8,18,3,0
2024-01-25 19:00:00,3.259,13.24,78.1,19,3,0
2024-01-25 20:00:00,3.448,13.55,78.6,20,3,0
2024-01-25 21:00:00,3.247,12.97,73.3,21,3,0
2024-01-25 22:00:00,2.617,12.85,69.1,22,3,0
2024-01-25 23:00:00,1.949,12.63,70.8,23,3,0
2024-01-26 00:00:00,1.288,11.93,66.9,0,4,0
2024-01-26 01:00:00,3.501,9.84,58.7,1,4,0
2024-01-26 02:00:00,1.552,9.75,60.2,2,4,0
2024-01-26 03:00:00,1.597,8.88,52.5,3,4,0
2024-01-26 04:00:00,1.762,7.24,52.8,4,4,0
2024-01-26 05:00:00,1.851,7.18,53.0,5,4,0
2024-01-26 06:00:00,2.583,4.88,49.9,6,4,0
2024-01-26 07:00:00,2.934,4.15,51.9,7,4,0
2024-01-26 08:00:00,3.266,3.68,50.5,8,4,0
2024-01-26 09:00:00,2.934,5.81,53.8,9,4,0
2024-01-26 10:00:00,2.168,5.75,56.9,10,4,0
2024-01-26 11:00:00,2.022,6.05,58.9,11,4,0
2024-01-26 12:00:00,1.969,7.18,64.5,12,4,0
2024-01-26 13:00:00,2.031,7.43,64.2,13,4,0
2024-01-26 14:00:00,1.515,10.74,71.0,14,4,0
2024-01-26 15:00:00,4.026,10.52,74.8,15,4,0
2024-01-26 16:00:00,1.541,11.6,77.2,16,4,0
2024-01-26 17:00:00,1.958,12.9,78.8,17,4,0
2024-01-26 18:00:00,2.66,13.47,79.8,18,4,0
2024-01-26 19:00:00,3.202,13.77,80.9,19,4,0
2024-01-26 20:00:00,3.45,13.32,80.6,20,4,0
2024-01-26 21:00:00,3.041,13.93,73.7,21,4,0
2024-01-26 22:00:00,2.397,14.33,68.9,22,4,0
2024-01-26 23:00:00,1.817,13.3,65.8,23,4,0
2024-01-27 00:00:00,1.371,12.52,63.5,0,5,1
2024-01-27 01:00:00,1.527,10.17,60.1,1,5,1
2024-01-27 02:00:00,1.517,8.72,55.2,2,5,1
2024-01-27 03:00:00,1.64,8.08,50.5,3,5,1
2024-01-27 04:00:00,1.837,7.11,50.6,4,5,1
2024-01-27 05:00:00,1.918,6.8,51.1,5,5,1
2024-01-27 06:00:00,2.485,4.42,51.8,6,5,1
2024-01-27 07:00:00,3.011,5.91,48.8,7,5,1
2024-01-27 08:00:00,3.665,4.75,50.8,8,5,1
2024-01-27 09:00:00,3.376,4.74,51.6,9,5,1
2024-01-27 10:00:00,3.069,4.84,57.4,10,5,1
2024-01-27 11:00:00,2.893,5.18,58.6,11,5,1
2024-01-27 12:00:00,2.738,7.6,66.7,12,5,1
2024-01-27 13:00:00,2.333,8.24,63.5,13,5,1
2024-01-27 14:00:00,2.288,8.59,71.4,14,5,1
2024-01-27 15:00:00,2.02,9.75,76.5,15,5,1
2024-01-27 16:00:00,1.739,11.42,78.5,16,5,1
2024-01-27 17:00:00,1.776,13.56,87.6,17,5,1
2024-01-27 18:00:00,2.579,13.12,81.0,18,5,1
2024-01-27 19:00:00,3.219,12.83,76.5,19,5,1
2024-01-27 20:00:00,3.429,13.74,77.7,20,5,1
2024-01-27 21:00:00,3.166,13.57,70.3,21,5,1
2024-01-27 22:00:00,2.636,11.67,72.3,22,5,1
2024-01-27 23:00:00,2.024,12.55,66.4,23,5,1
2024-01-28 00:00:00,4.007,11.51,67.7,0,6,1
2024-01-28 01:00:00,1.324,10.99,59.5,1,6,1
2024-01-28 02:00:00,1.609,10.52,57.1,2,6,1
2024-01-28 03:00:00,1.637,8.92,52.5,3,6,1
2024-01-28 04:00:00,1.729,7.0,57.2,4,6,1
2024-01-28 05:00:00,1.888,5.57,49.5,5,6,1
2024-01-28 06:00:00,2.259,7.07,55.5,6,6,1
2024-01-28 07:00:00,3.035,5.11,53.0,7,6,1
2024-01-28 08:00:00,3.646,4.94,53.5,8,6,1
2024-01-28 09:00:00,3.303,5.07,55.5,9,6,1
2024-01-28 10:00:00,2.968,5.66,58.7,10,6,1
2024-01-28 11:00:00,2.959,6.17,55.3,11,6,1
2024-01-28 12:00:00,5.286,6.85,64.2,12,6,1
2024-01-28 13:00:00,2.564,7.96,71.4,13,6,1
2024-01-28 14:00:00,2.289,9.43,72.4,14,6,1
2024-01-28 15:00:00,1.99,10.29,71.4,15,6,1
2024-01-28 16:00:00,1.878,11.28,77.8,16,6,1
2024-01-28 17:00:00,2.011,12.71,84.6,17,6,1
2024-01-28 18:00:00,2.557,13.21,83.7,18,6,1
2024-01-28 19:00:00,3.094,14.72,79.3,19,6,1
2024-01-28 20:00:00,3.638,12.38,80.8,20,6,1
2024-01-28 21:00:00,2.918,14.48,74.5,21,6,1
2024-01-28 22:00:00,2.607,14.13,67.4,22,6,1
2024-01-28 23:00:00,1.878,11.42,66.1,23,6,1
2024-01-29 00:00:00,1.347,11.53,69.7,0,0,0
2024-01-29 01:00:00,1.482,10.43,60.3,1,0,0
2024-01-29 02:00:00,1.616,8.65,56.8,2,0,0
2024-01-29 03:00:00,1.772,7.87,53.5,3,0,0
2024-01-29 04:00:00,1.723,6.59,57.7,4,0,0
2024-01-29 05:00:00,1.857,7.38,55.4,5,0,0
2024-01-29 06:00:00,2.226,6.18,56.7,6,0,0
2024-01-29 07:00:00,2.921,5.93,50.0,7,0,0
2024-01-29 08:00:00,3.279,5.45,52.9,8,0,0
2024-01-29 09:00:00,4.697,4.5,49.8,9,0,0
2024-01-29 10:00:00,2.189,5.31,61.9,10,0,0
2024-01-29 11:00:00,1.909,6.64,57.6,11,0,0
2024-01-29 12:00:00,1.996,6.55,65.7,12,0,0
2024-01-29 13:00:00,1.895,8.8,65.6,13,0,0
2024-01-29 14:00:00,1.695,9.4,70.7,14,0,0
2024-01-29 15:00:00,1.528,10.48,73.1,15,0,0
2024-01-29 16:00:00,1.507,12.22,76.2,16,0,0
2024-01-29 17:00:00,1.886,13.0,77.9,17,0,0
2024-01-29 18:00:00,2.57,13.24,78.4,18,0,0
2024-01-29 19:00:00,3.035,14.6,82.0,19,0,0
2024-01-29 20:00:00,3.305,13.41,74.7,20,0,0
2024-01-29 21:00:00,3.064,14.28,76.3,21,0,0
2024-01-29 22:00:00,2.395,13.82,76.2,22,0,0
2024-01-29 23:00:00,1.916,12.57,67.3,23,0,0
2024-01-30 00:00:00,1.307,12.02,62.8,0,1,0
2024-01-30 01:00:00,1.579,10.0,60.4,1,1,0
2024-01-30 02:00:00,1.486,10.14,61.0,2,1,0
2024-01-30 03:00:00,1.668,8.31,55.0,3,1,0
2024-01-30 04:00:00,1.785,7.03,50.4,4,1,0
2024-01-30 05:00:00,1.879,7.04,52.0,5,1,0
2024-01-30 06:00:00,2.342,5.28,46.7,6,1,0
2024-01-30 07:00:00,3.06,4.41,52.6,7,1,0
2024-01-30 08:00:00,3.323,4.17,53.2,8,1,0
2024-01-30 09:00:00,3.034,5.63,53.5,9,1,0
2024-01-30 10:00:00,2.243,4.95,55.0,10,1,0
2024-01-30 11:00:00,1.776,7.49,58.5,11,1,0
2024-01-30 12:00:00,2.022,6.12,66.6,12,1,0
2024-01-30 13:00:00,1.697,9.48,72.6,13,1,0
2024-01-30 14:00:00,4.516,9.76,70.6,14,1,0
2024-01-30 15:00:00,1.753,10.74,77.0,15,1,0
2024-01-30 16:00:00,1.447,11.56,71.7,16,1,0
2024-01-30 17:00:00,1.91,13.06,77.7,17,1,0
2024-01-30 18:00:00,2.34,13.52,79.9,18,1,0
2024-01-30 19:00:00,3.143,14.66,76.8,19,1,0
2024-01-30 20:00:00,3.329,14.22,75.2,20,1,0
2024-01-30 21:00:00,3.057,14.09,73.6,21,1,0
2024-01-30 22:00:00,2.407,13.34,73.4,22,1,0
2024-01-30 23:00:00,1.962,12.81,68.3,23,1,0
2024-01-31 00:00:00,1.433,12.1,58.3,0,2,0
2024-01-31 01:00:00,1.537,9.81,54.8,1,2,0
2024-01-31 02:00:00,1.541,8.87,55.7,2,2,0
2024-01-31 03:00:00,1.731,8.96,55.8,3,2,0
2024-01-31 04:00:00,1.672,7.53,43.8,4,2,0
2024-01-31 05:00:00,1.743,6.39,49.0,5,2,0
2024-01-31 06:00:00,2.339,5.8,48.4,6,2,0
2024-01-31 07:00:00,2.84,5.55,54.7,7,2,0
2024-01-31 08:00:00,3.409,4.87,50.9,8,2,0
2024-01-31 09:00:00,2.95,4.89,55.5,9,2,0
2024-01-31 10:00:00,2.233,5.92,57.9,10,2,0
2024-01-31 11:00:00,2.117,5.94,54.7,11,2,0
2024-01-31 12:00:00,1.783,7.71,67.3,12,2,0
2024-01-31 13:00:00,1.875,7.53,69.5,13,2,0
2024-01-31 14:00:00,1.662,10.34,74.0,14,2,0
2024-01-31 15:00:00,1.665,11.17,87.4,15,2,0
2024-01-31 16:00:00,1.412,12.13,71.7,16,2,0
2024-01-31 17:00:00,1.801,13.5,84.7,17,2,0
2024-01-31 18:00:00,2.481,14.63,79.1,18,2,0
2024-01-31 19:00:00,3.061,14.69,80.4,19,2,0
2024-01-31 20:00:00,3.481,13.14,77.9,20,2,0
2024-01-31 21:00:00,3.037,13.32,74.3,21,2,0
2024-01-31 22:00:00,2.678,13.27,70.8,22,2,0
2024-01-31 23:00:00,1.784,12.95,69.9,23,2,0
2024-02-01 00:00:00,1.309,12.32,60.4,0,3,0
2024-02-01 01:00:00,1.478,10.49,63.4,1,3,0
2024-02-01 02:00:00,1.683,9.88,56.3,2,3,0
2024-02-01 03:00:00,1.563,8.15,51.0,3,3,0
2024-02-01 04:00:00,1.921,7.15,50.7,4,3,0
2024-02-01 05:00:00,2.028,5.75,54.3,5,3,0
2024-02-01 06:00:00,2.373,5.33,48.4,6,3,0
2024-02-01 07:00:00,2.924,4.62,51.6,7,3,0
2024-02-01 08:00:00,3.39,4.7,49.8,8,3,0
2024-02-01 09:00:00,2.829,6.07,56.7,9,3,0
2024-02-01 10:00:00,2.333,5.33,59.6,10,3,0
2024-02-01 11:00:00,1.748,8.19,66.7,11,3,0
2024-02-01 12:00:00,1.86,7.85,64.5,12,3,0
2024-02-01 13:00:00,1.779,8.75,70.9,13,3,0
2024-02-01 14:00:00,1.673,9.29,72.8,14,3,0
2024-02-01 15:00:00,1.583,11.4,79.5,15,3,0
2024-02-01 16:00:00,1.54,11.72,75.8,16,3,0
2024-02-01 17:00:00,1.979,13.07,81.7,17,3,0
2024-02-01 18:00:00,2.3,15.26,79.4,18,3,0
2024-02-01 19:00:00,3.192,14.11,79.3,19,3,0
2024-02-01 20:00:00,3.6,15.02,78.3,20,3,0
2024-02-01 21:00:00,3.09,13.76,76.4,21,3,0
2024-02-01 22:00:00,2.617,13.71,72.2,22,3,0
2024-02-01 23:00:00,1.787,14.09,69.5,23,3,0
2024-02-02 00:00:00,1.273,11.72,69.7,0,4,0
2024-02-02 01:00:00,1.328,12.1,64.1,1,4,0
2024-02-02 02:00:00,1.582,10.28,60.1,2,4,0
2024-02-02 03:00:00,1.586,8.35,53.0,3,4,0
2024-02-02 04:00:00,1.647,7.99,49.3,4,4,0
2024-02-02 05:00:00,1.894,7.26,53.4,5,4,0
2024-02-02 06:00:00,2.26,6.34,52.6,6,4,0
2024-02-02 07:00:00,3.052,4.58,54.9,7,4,0
2024-02-02 08:00:00,3.344,4.94,50.2,8,4,0
2024-02-02 09:00:00,2.98,5.38,53.7,9,4,0
2024-02-02 10:00:00,2.148,5.94,52.6,10,4,0
2024-02-02 11:00:00,3.856,7.08,59.9,11,4,0
2024-02-02 12:00:00,1.802,7.75,68.0,12,4,0
2024-02-02 13:00:00,1.992,7.93,67.5,13,4,0
2024-02-02 14:00:00,1.634,10.12,74.4,14,4,0
2024-02-02 15:00:00,1.611,11.43,75.0,15,4,0
2024-02-02 16:00:00,1.417,12.49,79.0,16,4,0
2024-02-02 17:00:00,1.845,13.74,76.0,17,4,0
2024-02-02 18:00:00,2.403,14.31,80.3,18,4,0
2024-02-02 19:00:00,3.026,14.54,70.5,19,4,0
2024-02-02 20:00:00,3.26,14.38,77.4,20,4,0
2024-02-02 21:00:00,3.081,13.27,70.7,21,4,0
2024-02-02 22:00:00,2.416,14.08,76.1,22,4,0
2024-02-02 23:00:00,1.886,13.24,71.2,23,4,0
2024-02-03 00:00:00,1.413,12.35,66.4,0,5,1
2024-02-03 01:00:00,1.457,10.34,65.7,1,5,1
2024-02-03 02:00:00,1.506,9.29,54.7,2,5,1
2024-02-03 03:00:00,1.453,9.41,59.6,3,5,1
2024-02-03 04:00:00,1.761,7.67,54.8,4,5,1
2024-02-03 05:00:00,1.97,7.18,49.8,5,5,1
2024-02-03 06:00:00,2.408,6.08,53.4,6,5,1
2024-02-03 07:00:00,3.06,5.63,47.2,7,5,1
2024-02-03 08:00:00,3.483,6.03,49.5,8,5,1
2024-02-03 09:00:00,3.447,5.31,52.6,9,5,1
2024-02-03 10:00:00,3.023,6.13,55.9,10,5,1
2024-02-03 11:00:00,2.911,6.51,57.9,11,5,1
2024-02-03 12:00:00,2.703,7.47,68.7,12,5,1
2024-02-03 13:00:00,2.388,8.63,68.1,13,5,1
2024-02-03 14:00:00,2.125,10.12,73.6,14,5,1
2024-02-03 15:00:00,1.946,10.87,73.9,15,5,1
2024-02-03 16:00:00,1.726,13.0,72.5,16,5,1
2024-02-03 17:00:00,2.078,12.64,80.3,17,5,1
2024-02-03 18:00:00,2.468,13.78,74.3,18,5,1
2024-02-03 19:00:00,3.202,14.09,79.3,19,5,1
2024-02-03 20:00:00,3.365,15.38,73.9,20,5,1
2024-02-03 21:00:00,3.082,14.48,81.6,21,5,1
2024-02-03 22:00:00,2.336,14.53,75.2,22,5,1
2024-02-03 23:00:00,1.884,12.31,69.2,23,5,1
2024-02-04 00:00:00,1.368,12.43,68.8,0,6,1
2024-02-04 01:00:00,1.383,11.72,58.6,1,6,1
2024-02-04 02:00:00,1.589,10.08,59.1,2,6,1
2024-02-04 03:00:00,1.575,9.51,55.0,3,6,1
2024-02-04 04:00:00,1.709,7.48,52.8,4,6,1
2024-02-04 05:00:00,1.99,7.7,54.3,5,6,1
2024-02-04 06:00:00,2.183,7.53,52.2,6,6,1
2024-02-04 07:00:00,3.108,5.48,51.4,7,6,1
2024-02-04 08:00:00,3.46,5.28,47.0,8,6,1
2024-02-04 09:00:00,3.266,6.58,51.5,9,6,1
2024-02-04 10:00:00,2.993,7.11,57.1,10,6,1
2024-02-04 11:00:00,2.872,6.57,61.4,11,6,1
2024-02-04 12:00:00,2.533,7.56,61.6,12,6,1
2024-02-04 13:00:00,2.489,8.74,76.1,13,6,1
2024-02-04 14:00:00,2.346,9.27,77.0,14,6,1
2024-02-04 15:00:00,2.004,10.69,77.4,15,6,1
2024-02-04 16:00:00,1.859,11.73,78.2,16,6,1
2024-02-04 17:00:00,1.772,12.81,78.9,17,6,1
2024-02-04 18:00:00,2.388,13.97,77.1,18,6,1
2024-02-04 19:00:00,3.14,14.58,79.7,19,6,1
2024-02-04 20:00:00,3.433,15.53,78.8,20,6,1
2024-02-04 21:00:00,3.216,13.85,71.9,21,6,1
2024-02-04 22:00:00,2.431,14.59,73.5,22,6,1
2024-02-04 23:00:00,1.908,13.16,68.4,23,6,1
2024-02-05 00:00:00,1.335,12.33,59.3,0,0,0
2024-02-05 01:00:00,1.307,11.68,58.5,1,0,0
2024-02-05 02:00:00,1.384,9.44,56.3,2,0,0
2024-02-05 03:00:00,1.62,9.19,60.1,3,0,0
2024-02-05 04:00:00,1.71,7.98,53.7,4,0,0
2024-02-05 05:00:00,4.528,7.24,46.5,5,0,0
2024-02-05 06:00:00,2.124,6.41,51.5,6,0,0
2024-02-05 07:00:00,2.842,7.26,45.9,7,0,0
2024-02-05 08:00:00,3.278,5.26,55.3,8,0,0
2024-02-05 09:00:00,2.978,5.48,53.0,9,0,0
2024-02-05 10:00:00,2.337,5.88,57.2,10,0,0
2024-02-05 11:00:00,1.778,6.64,65.1,11,0,0
2024-02-05 12:00:00,1.839,7.52,61.1,12,0,0
2024-02-05 13:00:00,1.73,9.71,64.7,13,0,0
2024-02-05 14:00:00,1.73,11.02,70.7,14,0,0
2024-02-05 15:00:00,1.425,10.99,78.7,15,0,0
2024-02-05 16:00:00,4.133,11.92,73.4,16,0,0
2024-02-05 17:00:00,1.848,13.64,71.0,17,0,0
2024-02-05 18:00:00,2.455,13.74,78.6,18,0,0
2024-02-05 19:00:00,3.091,14.91,81.1,19,0,0
2024-02-05 20:00:00,3.365,14.81,81.6,20,0,0
2024-02-05 21:00:00,3.221,13.63,74.2,21,0,0
2024-02-05 22:00:00,2.357,15.02,71.3,22,0,0
2024-02-05 23:00:00,1.836,14.46,72.3,23,0,0
2024-02-06 00:00:00,1.323,12.08,59.4,0,1,0
2024-02-06 01:00:00,1.368,11.14,60.0,1,1,0
2024-02-06 02:00:00,1.697,10.38,58.1,2,1,0
2024-02-06 03:00:00,1.615,9.25,55.7,3,1,0
2024-02-06 04:00:00,1.715,8.36,50.5,4,1,0
2024-02-06 05:00:00,1.859,8.24,50.6,5,1,0
2024-02-06 06:00:00,2.155,6.22,42.5,6,1,0
2024-02-06 07:00:00,3.08,5.4,48.5,7,1,0
2024-02-06 08:00:00,3.127,4.9,53.4,8,1,0
2024-02-06 09:00:00,2.875,5.45,51.4,9,1,0
2024-02-06 10:00:00,2.115,6.32,57.7,10,1,0
2024-02-06 11:00:00,1.876,8.14,62.5,11,1,0
2024-02-06 12:00:00,3.397,7.68,64.0,12,1,0
2024-02-06 13:00:00,1.772,9.22,69.4,13,1,0
2024-02-06 14:00:00,4.015,10.24,69.6,14,1,0
2024-02-06 15:00:00,1.387,12.13,75.0,15,1,0
2024-02-06 16:00:00,1.195,14.03,79.8,16,1,0
2024-02-06 17:00:00,1.936,13.13,80.0,17,1,0
2024-02-06 18:00:00,2.508,13.87,78.2,18,1,0
2024-02-06 19:00:00,3.234,15.24,80.2,19,1,0
2024-02-06 20:00:00,3.337,15.18,80.1,20,1,0
2024-02-06 21:00:00,3.163,15.73,69.5,21,1,0
2024-02-06 22:00:00,2.42,14.53,76.0,22,1,0
2024-02-06 23:00:00,1.963,13.25,67.9,23,1,0
2024-02-07 00:00:00,1.371,12.89,66.3,0,2,0
2024-02-07 01:00:00,1.367,12.12,64.7,1,2,0
2024-02-07 02:00:00,1.43,10.79,53.4,2,2,0
2024-02-07 03:00:00,1.643,9.44,52.3,3,2,0
2024-02-07 04:00:00,1.691,8.69,51.1,4,2,0
2024-02-07 05:00:00,1.746,7.83,48.2,5,2,0
2024-02-07 06:00:00,2.081,7.24,55.2,6,2,0
2024-02-07 07:00:00,2.84,6.36,47.9,7,2,0
2024-02-07 08:00:00,3.384,5.72,50.3,8,2,0
2024-02-07 09:00:00,2.979,6.06,55.0,9,2,0
2024-02-07 10:00:00,1.997,7.15,53.9,10,2,0
2024-02-07 11:00:00,1.854,6.66,59.9,11,2,0
2024-02-07 12:00:00,1.935,8.3,66.0,12,2,0
2024-02-07 13:00:00,3.435,8.94,67.9,13,2,0
2024-02-07 14:00:00,1.707,10.36,72.2,14,2,0
2024-02-07 15:00:00,1.404,12.28,74.0,15,2,0
2024-02-07 16:00:00,1.548,12.71,73.4,16,2,0
2024-02-07 17:00:00,1.782,13.56,80.5,17,2,0
2024-02-07 18:00:00,2.579,13.44,85.3,18,2,0
2024-02-07 19:00:00,3.122,15.15,79.5,19,2,0
2024-02-07 20:00:00,5.907,15.25,78.7,20,2,0
2024-02-07 21:00:00,2.95,16.01,77.7,21,2,0
2024-02-07 22:00:00,2.266,14.08,68.7,22,2,0
2024-02-07 23:00:00,1.815,13.69,74.0,23,2,0
2024-02-08 00:00:00,1.317,12.78,65.6,0,3,0
2024-02-08 01:00:00,1.231,12.49,66.0,1,3,0
2024-02-08 02:00:00,1.407,10.33,55.3,2,3,0
2024-02-08 03:00:00,1.615,9.39,59.8,3,3,0
2024-02-08 04:00:00,1.699,8.51,54.3,4,3,0
2024-02-08 05:00:00,1.83,7.33,52.2,5,3,0
2024-02-08 06:00:00,2.33,6.24,50.7,6,3,0
2024-02-08 07:00:00,2.785,6.17,49.8,7,3,0
2024-02-08 08:00:00,3.168,6.55,55.6,8,3,0
2024-02-08 09:00:00,3.068,5.45,54.8,9,3,0
2024-02-08 10:00:00,2.135,6.6,51.6,10,3,0
2024-02-08 11:00:00,1.945,6.82,57.8,11,3,0
2024-02-08 12:00:00,1.97,8.89,64.4,12,3,0
2024-02-08 13:00:00,1.743,8.35,69.8,13,3,0
2024-02-08 14:00:00,1.751,10.09,72.3,14,3,0
2024-02-08 15:00:00,1.623,11.82,79.3,15,3,0
2024-02-08 16:00:00,1.319,13.63,72.1,16,3,0
2024-02-08 17:00:00,1.911,13.58,79.9,17,3,0
2024-02-08 18:00:00,2.364,14.01,74.5,18,3,0
2024-02-08 19:00:00,3.052,15.92,81.8,19,3,0
2024-02-08 20:00:00,3.431,14.08,77.7,20,3,0
2024-02-08 21:00:00,3.213,13.48,76.9,21,3,0
2024-02-08 22:00:00,2.532,14.62,69.9,22,3,0
2024-02-08 23:00:00,1.987,13.34,72.7,23,3,0
2024-02-09 00:00:00,1.347,12.1,68.1,0,4,0
2024-02-09 01:00:00,1.451,12.06,62.9,1,4,0
2024-02-09 02:00:00,1.443,10.62,57.1,2,4,0
2024-02-09 03:00:00,1.676,8.97,56.1,3,4,0
2024-02-09 04:00:00,1.754,7.46,49.9,4,4,0
2024-02-09 05:00:00,1.836,7.83,53.1,5,4,0
2024-02-09 06:00:00,2.242,6.98,54.9,6,4,0
2024-02-09 07:00:00,2.756,6.09,53.7,7,4,0
2024-02-09 08:00:00,3.062,7.1,49.8,8,4,0
2024-02-09 09:00:00,2.939,5.51,55.5,9,4,0
2024-02-09 10:00:00,2.068,5.69,53.6,10,4,0
2024-02-09 11:00:00,1.994,6.91,62.8,11,4,0
2024-02-09 12:00:00,1.908,8.23,66.4,12,4,0
2024-02-09 13:00:00,1.789,9.5,63.3,13,4,0
2024-02-09 14:00:00,1.576,10.37,69.0,14,4,0
2024-02-09 15:00:00,1.594,11.9,74.8,15,4,0
2024-02-09 16:00:00,1.636,12.03,77.1,16,4,0
2024-02-09 17:00:00,1.82,14.58,75.9,17,4,0
2024-02-09 18:00:00,2.483,14.38,81.2,18,4,0
2024-02-09 19:00:00,3.123,15.55,80.2,19,4,0
2024-02-09 20:00:00,3.442,15.25,77.4,20,4,0
2024-02-09 21:00:00,3.098,15.17,73.3,21,4,0
2024-02-09 22:00:00,2.44,14.79,75.6,22,4,0
2024-02-09 23:00:00,1.881,14.0,73.8,23,4,0
2024-02-10 00:00:00,1.452,13.19,63.5,0,5,1
2024-02-10 01:00:00,1.206,12.52,59.3,1,5,1
2024-02-10 02:00:00,1.457,10.68,59.0,2,5,1
2024-02-10 03:00:00,1.44,9.83,53.3,3,5,1
2024-02-10 04:00:00,1.802,8.27,51.6,4,5,1
2024-02-10 05:00:00,1.726,8.26,52.7,5,5,1
2024-02-10 06:00:00,2.176,6.27,44.3,6,5,1
2024-02-10 07:00:00,5.261,7.32,54.5,7,5,1
2024-02-10 08:00:00,3.57,6.06,52.2,8,5,1
2024-02-10 09:00:00,4.806,5.38,53.2,9,5,1
2024-02-10 10:00:00,2.962,6.77,57.2,10,5,1
2024-02-10 11:00:00,2.853,7.01,61.0,11,5,1
2024-02-10 12:00:00,2.731,8.85,59.8,12,5,1
2024-02-10 13:00:00,2.393,9.05,73.4,13,5,1
2024-02-10 14:00:00,2.153,10.34,72.6,14,5,1
2024-02-10 15:00:00,1.929,10.64,76.9,15,5,1
2024-02-10 16:00:00,1.661,12.59,80.8,16,5,1
2024-02-10 17:00:00,1.921,12.35,76.4,17,5,1
2024-02-10 18:00:00,2.567,13.57,81.4,18,5,1
2024-02-10 19:00:00,3.153,15.43,78.7,19,5,1
2024-02-10 20:00:00,3.452,15.6,80.5,20,5,1
2024-02-10 21:00:00,3.119,15.24,69.2,21,5,1
2024-02-10 22:00:00,2.488,13.95,72.2,22,5,1
2024-02-10 23:00:00,1.761,13.79,67.1,23,5,1
2024-02-11 00:00:00,1.264,12.89,66.3,0,6,1
2024-02-11 01:00:00,1.446,11.12,62.5,1,6,1
2024-02-11 02:00:00,1.418,11.55,55.4,2,6,1
2024-02-11 03:00:00,1.545,10.02,52.3,3,6,1
2024-02-11 04:00:00,1.662,8.28,51.7,4,6,1
2024-02-11 05:00:00,1.803,7.5,47.8,5,6,1
2024-02-11 06:00:00,2.494,6.89,52.5,6,6,1
2024-02-11 07:00:00,3.118,5.1,49.4,7,6,1
2024-02-11 08:00:00,3.465,6.03,43.3,8,6,1
2024-02-11 09:00:00,3.244,5.92,53.3,9,6,1
2024-02-11 10:00:00,2.957,6.18,54.4,10,6,1
2024-02-11 11:00:00,2.784,7.33,56.2,11,6,1
2024-02-11 12:00:00,2.588,9.52,61.3,12,6,1
2024-02-11 13:00:00,2.244,9.91,69.2,13,6,1
2024-02-11 14:00:00,2.036,10.35,76.5,14,6,1
2024-02-11 15:00:00,1.789,12.21,76.5,15,6,1
2024-02-11 16:00:00,1.675,13.79,76.2,16,6,1
2024-02-11 17:00:00,1.796,14.44,80.9,17,6,1
2024-02-11 18:00:00,2.562,14.64,78.6,18,6,1
2024-02-11 19:00:00,2.989,14.67,77.4,19,6,1
2024-02-11 20:00:00,3.34,15.64,74.5,20,6,1
2024-02-11 21:00:00,3.229,15.3,70.4,21,6,1
2024-02-11 22:00:00,2.453,15.16,71.3,22,6,1
2024-02-11 23:00:00,1.879,14.29,69.4,23,6,1
2024-02-12 00:00:00,1.395,13.61,64.7,0,0,0
2024-02-12 01:00:00,2.962,11.58,59.9,1,0,0
2024-02-12 02:00:00,1.39,11.53,54.7,2,0,0
2024-02-12 03:00:00,1.523,9.7,56.2,3,0,0
2024-02-12 04:00:00,1.399,9.74,48.1,4,0,0
2024-02-12 05:00:00,1.829,7.16,52.8,5,0,0
2024-02-12 06:00:00,2.205,7.9,47.0,6,0,0
2024-02-12 07:00:00,2.893,6.53,48.3,7,0,0
2024-02-12 08:00:00,3.3,5.87,47.6,8,0,0
2024-02-12 09:00:00,2.852,6.13,52.9,9,0,0
2024-02-12 10:00:00,2.071,6.68,60.4,10,0,0
2024-02-12 11:00:00,1.954,7.85,62.7,11,0,0
2024-02-12 12:00:00,1.75,8.84,67.9,12,0,0
2024-02-12 13:00:00,1.805,9.27,70.4,13,0,0
2024-02-12 14:00:00,1.646,10.77,69.2,14,0,0
2024-02-12 15:00:00,3.019,13.24,74.6,15,0,0
2024-02-12 16:00:00,1.393,14.08,75.6,16,0,0
2024-02-12 17:00:00,1.705,14.24,83.5,17,0,0
2024-02-12 18:00:00,2.347,14.72,76.4,18,0,0
2024-02-12 19:00:00,3.153,15.22,82.2,19,0,0
2024-02-12 20:00:00,3.395,15.68,80.7,20,0,0
2024-02-12 21:00:00,5.067,14.54,81.1,21,0,0
2024-02-12 22:00:00,2.524,14.56,71.3,22,0,0
2024-02-12 23:00:00,1.903,13.0,71.0,23,0,0
2024-02-13 00:00:00,1.259,13.31,71.8,0,1,0
2024-02-13 01:00:00,1.392,12.38,59.3,1,1,0
2024-02-13 02:00:00,1.447,10.54,52.9,2,1,0
2024-02-13 03:00:00,1.598,10.61,48.8,3,1,0
2024-02-13 04:00:00,1.643,7.85,54.1,4,1,0
2024-02-13 05:00:00,1.937,6.78,44.9,5,1,0
2024-02-13 06:00:00,2.315,7.08,48.9,6,1,0
2024-02-13 07:00:00,2.691,7.13,51.8,7,1,0
2024-02-13 08:00:00,3.104,7.36,52.6,8,1,0
2024-02-13 09:00:00,2.965,6.23,55.7,9,1,0
2024-02-13 10:00:00,2.142,7.61,58.2,10,1,0
2024-02-13 11:00:00,1.854,7.66,65.0,11,1,0
2024-02-13 12:00:00,1.757,8.51,62.1,12,1,0
2024-02-13 13:00:00,1.78,10.24,66.9,13,1,0
2024-02-13 14:00:00,1.688,11.27,70.2,14,1,0
2024-02-13 15:00:00,1.454,11.1,78.1,15,1,0
2024-02-13 16:00:00,1.219,14.02,80.7,16,1,0
2024-02-13 17:00:00,1.826,14.9,80.8,17,1,0
2024-02-13 18:00:00,2.493,14.41,83.6,18,1,0
2024-02-13 19:00:00,3.083,15.48,76.0,19,1,0
2024-02-13 20:00:00,5.159,15.69,83.0,20,1,0
2024-02-13 21:00:00,3.05,15.4,80.2,21,1,0
2024-02-13 22:00:00,2.273,14.47,74.7,22,1,0
2024-02-13 23:00:00,1.799,13.69,74.2,23,1,0
2024-02-14 00:00:00,1.273,13.15,60.0,0,2,0
2024-02-14 01:00:00,1.276,12.78,59.5,1,2,0
2024-02-14 02:00:00,1.328,11.24,55.3,2,2,0
2024-02-14 03:00:00,2.632,9.54,56.6,3,2,0
2024-02-14 04:00:00,1.562,9.14,48.9,4,2,0
2024-02-14 05:00:00,2.016,6.04,52.8,5,2,0
2024-02-14 06:00:00,2.249,7.73,54.1,6,2,0
2024-02-14 07:00:00,3.023,5.55,52.6,7,2,0
2024-02-14 08:00:00,3.157,6.22,52.9,8,2,0
2024-02-14 09:00:00,2.805,5.93,51.4,9,2,0
2024-02-14 10:00:00,2.196,6.27,55.0,10,2,0
2024-02-14 11:00:00,1.854,8.47,64.9,11,2,0
2024-02-14 12:00:00,1.855,8.42,67.3,12,2,0
2024-02-14 13:00:00,1.562,10.0,68.8,13,2,0
2024-02-14 14:00:00,1.551,10.93,71.2,14,2,0
2024-02-14 15:00:00,1.439,12.42,69.5,15,2,0
2024-02-14 16:00:00,1.412,13.27,74.8,16,2,0
2024-02-14 17:00:00,1.918,13.39,85.2,17,2,0
2024-02-14 18:00:00,2.454,15.47,76.2,18,2,0
2024-02-14 19:00:00,3.134,15.03,80.1,19,2,0
2024-02-14 20:00:00,3.407,14.55,81.0,20,2,0
2024-02-14 21:00:00,3.162,15.08,71.8,21,2,0
2024-02-14 22:00:00,2.467,15.79,73.1,22,2,0
2024-02-14 23:00:00,3.696,14.69,71.7,23,2,0
2024-02-15 00:00:00,1.255,13.04,65.0,0,3,0
2024-02-15 01:00:00,1.37,11.96,69.7,1,3,0
2024-02-15 02:00:00,1.494,10.81,52.5,2,3,0
2024-02-15 03:00:00,1.455,11.09,57.6,3,3,0
2024-02-15 04:00:00,1.646,8.99,51.5,4,3,0
2024-02-15 05:00:00,1.887,8.09,52.8,5,3,0
2024-02-15 06:00:00,2.168,7.74,51.3,6,3,0
2024-02-15 07:00:00,2.775,6.82,48.3,7,3,0
2024-02-15 08:00:00,3.281,6.37,52.7,8,3,0
2024-02-15 09:00:00,2.737,6.57,48.8,9,3,0
2024-02-15 10:00:00,2.003,7.1,59.3,10,3,0
2024-02-15 11:00:00,1.88,7.84,62.0,11,3,0
2024-02-15 12:00:00,1.8,9.23,66.9,12,3,0
2024-02-15 13:00:00,1.631,9.91,72.1,13,3,0
2024-02-15 14:00:00,1.545,11.49,73.6,14,3,0
2024-02-15 15:00:00,1.413,12.17,76.1,15,3,0
2024-02-15 16:00:00,1.327,13.36,75.3,16,3,0
2024-02-15 17:00:00,4.349,13.05,77.4,17,3,0
2024-02-15 18:00:00,2.499,15.51,83.6,18,3,0
2024-02-15 19:00:00,3.106,15.62,83.8,19,3,0
2024-02-15 20:00:00,3.356,16.17,77.3,20,3,0
2024-02-15 21:00:00,3.024,13.69,75.7,21,3,0
2024-02-15 22:00:00,2.556,16.23,69.8,22,3,0
2024-02-15 23:00:00,1.856,14.18,72.4,23,3,0
2024-02-16 00:00:00,1.143,14.0,67.0,0,4,0
2024-02-16 01:00:00,1.447,11.63,66.9,1,4,0
2024-02-16 02:00:00,1.398,11.46,54.9,2,4,0
2024-02-16 03:00:00,1.554,9.3,53.3,3,4,0
2024-02-16 04:00:00,1.691,8.48,52.7,4,4,0
2024-02-16 05:00:00,1.642,9.07,52.5,5,4,0
2024-02-16 06:00:00,2.171,7.1,49.4,6,4,0
2024-02-16 07:00:00,2.83,6.9,47.9,7,4,0
2024-02-16 08:00:00,3.109,7.14,54.7,8,4,0
2024-02-16 09:00:00,2.86,7.07,56.6,9,4,0
2024-02-16 10:00:00,2.222,7.32,54.8,10,4,0
2024-02-16 11:00:00,1.767,8.17,65.2,11,4,0
2024-02-16 12:00:00,1.537,10.33,68.5,12,4,0
2024-02-16 13:00:00,1.568,9.94,69.3,13,4,0
2024-02-16 14:00:00,1.582,11.26,72.7,14,4,0
2024-02-16 15:00:00,1.347,12.94,77.3,15,4,0
2024-02-16 16:00:00,1.332,14.06,75.4,16,4,0
2024-02-16 17:00:00,1.819,15.05,79.6,17,4,0
2024-02-16 18:00:00,2.314,15.44,73.5,18,4,0
2024-02-16 19:00:00,2.962,14.82,82.1,19,4,0
2024-02-16 20:00:00,3.424,16.64,73.3,20,4,0
2024-02-16 21:00:00,3.118,14.83,80.1,21,4,0
2024-02-16 22:00:00,2.408,15.25,71.5,22,4,0
2024-02-16 23:00:00,1.684,13.9,68.2,23,4,0
2024-02-17 00:00:00,1.287,13.39,63.1,0,5,1
2024-02-17 01:00:00,1.419,12.54,60.3,1,5,1
2024-02-17 02:00:00,1.432,11.38,61.8,2,5,1
2024-02-17 03:00:00,1.431,10.28,46.9,3,5,1
2024-02-17 04:00:00,1.547,9.91,55.8,4,5,1
2024-02-17 05:00:00,1.661,8.29,51.5,5,5,1
2024-02-17 06:00:00,2.305,7.16,46.4,6,5,1
2024-02-17 07:00:00,2.865,7.44,47.3,7,5,1
2024-02-17 08:00:00,3.18,7.42,57.0,8,5,1
2024-02-17 09:00:00,3.222,6.13,51.6,9,5,1
2024-02-17 10:00:00,2.91,7.68,54.0,10,5,1
2024-02-17 11:00:00,4.535,8.46,64.5,11,5,1
2024-02-17 12:00:00,2.601,8.79,66.0,12,5,1
2024-02-17 13:00:00,2.218,10.89,66.1,13,5,1
2024-02-17 14:00:00,2.144,11.14,73.1,14,5,1
2024-02-17 15:00:00,1.767,12.47,72.5,15,5,1
2024-02-17 16:00:00,1.519,13.38,81.3,16,5,1
2024-02-17 17:00:00,1.785,14.43,82.7,17,5,1
2024-02-17 18:00:00,2.522,14.48,81.6,18,5,1
2024-02-17 19:00:00,3.076,14.73,80.6,19,5,1
2024-02-17 20:00:00,3.539,16.71,83.3,20,5,1
2024-02-17 21:00:00,3.141,15.09,75.6,21,5,1
2024-02-17 22:00:00,2.469,14.56,69.0,22,5,1
2024-02-17 23:00:00,1.866,13.15,70.2,23,5,1
2024-02-18 00:00:00,1.264,13.13,71.3,0,6,1
2024-02-18 01:00:00,1.368,11.64,58.1,1,6,1
2024-02-18 02:00:00,1.315,12.26,56.4,2,6,1
2024-02-18 03:00:00,1.506,10.72,55.6,3,6,1
2024-02-18 04:00:00,1.571,8.62,51.8,4,6,1
2024-02-18 05:00:00,1.592,9.45,47.6,5,6,1
2024-02-18 06:00:00,2.065,7.98,53.4,6,6,1
2024-02-18 07:00:00,3.077,6.75,57.5,7,6,1
2024-02-18 08:00:00,3.533,5.3,52.6,8,6,1
2024-02-18 09:00:00,3.094,8.33,51.7,9,6,1
2024-02-18 10:00:00,2.877,6.57,52.9,10,6,1
2024-02-18 11:00:00,2.859,7.14,61.9,11,6,1
2024-02-18 12:00:00,2.543,9.67,68.3,12,6,1
2024-02-18 13:00:00,2.275,11.61,70.3,13,6,1
2024-02-18 14:00:00,1.939,12.15,72.5,14,6,1
2024-02-18 15:00:00,1.803,12.83,73.8,15,6,1
2024-02-18 16:00:00,1.613,13.93,74.7,16,6,1
2024-02-18 17:00:00,1.754,15.02,82.0,17,6,1
2024-02-18 18:00:00,2.502,15.69,82.7,18,6,1
2024-02-18 19:00:00,2.984,15.85,74.9,19,6,1
2024-02-18 20:00:00,3.445,15.9,82.8,20,6,1
2024-02-18 21:00:00,3.162,15.65,77.3,21,6,1
2024-02-18 22:00:00,2.372,14.79,76.7,22,6,1
2024-02-18 23:00:00,1.743,14.37,64.9,23,6,1
2024-02-19 00:00:00,1.295,12.59,60.9,0,0,0
2024-02-19 01:00:00,1.346,12.46,60.7,1,0,0
2024-02-19 02:00:00,1.446,10.77,59.0,2,0,0
2024-02-19 03:00:00,1.593,9.54,59.8,3,0,0
2024-02-19 04:00:00,1.737,9.23,54.1,4,0,0
2024-02-19 05:00:00,1.664,9.03,49.8,5,0,0
2024-02-19 06:00:00,1.987,8.03,46.9,6,0,0
2024-02-19 07:00:00,2.951,6.09,54.2,7,0,0
2024-02-19 08:00:00,3.351,6.29,49.1,8,0,0
2024-02-19 09:00:00,2.795,7.61,59.3,9,0,0
2024-02-19 10:00:00,2.018,6.91,56.6,10,0,0
2024-02-19 11:00:00,1.824,8.08,65.9,11,0,0
2024-02-19 12:00:00,1.649,9.48,67.0,12,0,0
2024-02-19 13:00:00,1.802,9.66,68.5,13,0,0
2024-02-19 14:00:00,1.469,11.47,70.9,14,0,0
2024-02-19 15:00:00,1.469,11.78,74.6,15,0,0
2024-02-19 16:00:00,1.291,13.3,79.3,16,0,0
2024-02-19 17:00:00,1.818,14.79,79.7,17,0,0
2024-02-19 18:00:00,2.413,14.36,78.2,18,0,0
2024-02-19 19:00:00,3.121,16.04,79.0,19,0,0
2024-02-19 20:00:00,3.402,15.92,78.2,20,0,0
2024-02-19 21:00:00,3.028,16.11,69.2,21,0,0
2024-02-19 22:00:00,2.493,15.47,73.9,22,0,0
2024-02-19 23:00:00,1.804,15.44,65.9,23,0,0
2024-02-20 00:00:00,1.139,13.77,61.5,0,1,0
2024-02-20 01:00:00,1.51,12.36,56.1,1,1,0
2024-02-20 02:00:00,1.436,11.53,52.1,2,1,0
2024-02-20 03:00:00,1.459,10.62,50.3,3,1,0
2024-02-20 04:00:00,1.708,9.24,49.9,4,1,0
2024-02-20 05:00:00,1.91,8.31,56.4,5,1,0
2024-02-20 06:00:00,2.183,7.15,48.4,6,1,0
2024-02-20 07:00:00,2.861,6.73,51.0,7,1,0
2024-02-20 08:00:00,3.151,6.13,53.2,8,1,0
2024-02-20 09:00:00,2.706,8.18,54.8,9,1,0
2024-02-20 10:00:00,2.095,6.84,57.3,10,1,0
2024-02-20 11:00:00,4.236,7.89,57.5,11,1,0
2024-02-20 12:00:00,1.818,8.81,69.4,12,1,0
2024-02-20 13:00:00,1.699,10.86,74.3,13,1,0
2024-02-20 14:00:00,1.608,11.32,67.5,14,1,0
2024-02-20 15:00:00,1.266,13.41,72.5,15,1,0
2024-02-20 16:00:00,1.292,13.35,77.2,16,1,0
2024-02-20 17:00:00,1.764,14.86,76.6,17,1,0
2024-02-20 18:00:00,2.42,14.91,81.5,18,1,0
2024-02-20 19:00:00,3.191,17.15,77.3,19,1,0
2024-02-20 20:00:00,3.307,15.31,84.5,20,1,0
2024-02-20 21:00:00,3.079,16.05,79.2,21,1,0
2024-02-20 22:00:00,2.519,15.8,73.1,22,1,0
2024-02-20 23:00:00,1.784,14.96,72.0,23,1,0
2024-02-21 00:00:00,1.263,13.67,68.3,0,2,0
2024-02-21 01:00:00,1.299,12.62,59.4,1,2,0
2024-02-21 02:00:00,1.415,11.57,55.1,2,2,0
2024-02-21 03:00:00,1.48,10.29,54.6,3,2,0
2024-02-21 04:00:00,1.597,9.88,54.6,4,2,0
2024-02-21 05:00:00,1.527,9.7,50.9,5,2,0
2024-02-21 06:00:00,2.152,7.32,45.3,6,2,0
2024-02-21 07:00:00,2.885,6.39,48.1,7,2,0
2024-02-21 08:00:00,3.202,7.01,51.8,8,2,0
2024-02-21 09:00:00,2.79,8.77,54.2,9,2,0
2024-02-21 10:00:00,2.051,7.19,63.4,10,2,0
2024-02-21 11:00:00,1.849,9.38,57.0,11,2,0
2024-02-21 12:00:00,1.618,10.33,66.5,12,2,0
2024-02-21 13:00:00,1.823,10.08,73.3,13,2,0
2024-02-21 14:00:00,1.606,11.93,79.3,14,2,0
2024-02-21 15:00:00,1.264,13.73,74.4,15,2,0
2024-02-21 16:00:00,1.37,13.62,79.5,16,2,0
2024-02-21 17:00:00,1.804,14.66,81.2,17,2,0
2024-02-21 18:00:00,2.492,15.15,80.6,18,2,0
2024-02-21 19:00:00,3.089,15.34,79.2,19,2,0
2024-02-21 20:00:00,3.375,15.72,79.3,20,2,0
2024-02-21 21:00:00,3.217,15.22,68.0,21,2,0
2024-02-21 22:00:00,2.434,15.53,74.5,22,2,0
2024-02-21 23:00:00,1.874,14.34,69.3,23,2,0
2024-02-22 00:00:00,1.182,14.01,64.3,0,3,0
2024-02-22 01:00:00,1.505,11.86,67.3,1,3,0
2024-02-22 02:00:00,1.319,11.83,55.5,2,3,0
2024-02-22 03:00:00,1.394,10.97,53.2,3,3,0
2024-02-22 04:00:00,1.801,8.19,58.0,4,3,0
2024-02-22 05:00:00,1.697,8.68,48.0,5,3,0
2024-02-22 06:00:00,2.216,8.48,48.3,6,3,0
2024-02-22 07:00:00,2.917,6.58,50.1,7,3,0
2024-02-22 08:00:00,3.055,8.16,54.5,8,3,0
2024-02-22 09:00:00,2.622,7.56,55.0,9,3,0
2024-02-22 10:00:00,2.069,7.34,53.6,10,3,0
2024-02-22 11:00:00,1.813,8.45,59.5,11,3,0
2024-02-22 12:00:00,1.81,9.75,63.2,12,3,0
2024-02-22 13:00:00,1.806,10.55,68.7,13,3,0
2024-02-22 14:00:00,1.48,12.0,73.8,14,3,0
2024-02-22 15:00:00,3.642,12.29,76.9,15,3,0
2024-02-22 16:00:00,1.376,14.03,72.7,16,3,0
2024-02-22 17:00:00,1.894,14.02,82.7,17,3,0
2024-02-22 18:00:00,2.482,15.52,80.8,18,3,0
2024-02-22 19:00:00,2.952,15.5,83.6,19,3,0
2024-02-22 20:00:00,3.388,15.75,79.3,20,3,0
2024-02-22 21:00:00,3.015,16.79,78.9,21,3,0
2024-02-22 22:00:00,2.426,16.26,73.9,22,3,0
2024-02-22 23:00:00,1.887,15.25,72.9,23,3,0
2024-02-23 00:00:00,1.28,13.31,66.6,0,4,0
2024-02-23 01:00:00,1.397,12.69,60.8,1,4,0
2024-02-23 02:00:00,1.351,12.45,64.3,2,4,0
2024-02-23 03:00:00,1.366,10.64,57.1,3,4,0
2024-02-23 04:00:00,1.263,10.87,53.7,4,4,0
2024-02-23 05:00:00,1.737,8.78,46.7,5,4,0
2024-02-23 06:00:00,2.113,7.95,46.1,6,4,0
2024-02-23 07:00:00,2.718,7.2,51.4,7,4,0
2024-02-23 08:00:00,4.332,7.32,52.4,8,4,0
2024-02-23 09:00:00,2.728,7.31,52.6,9,4,0
2024-02-23 10:00:00,1.98,8.28,57.9,10,4,0
2024-02-23 11:00:00,1.803,9.14,65.9,11,4,0
2024-02-23 12:00:00,1.789,9.03,67.1,12,4,0
2024-02-23 13:00:00,1.868,9.8,65.5,13,4,0
2024-02-23 14:00:00,1.559,10.66,72.2,14,4,0
2024-02-23 15:00:00,1.447,13.24,73.2,15,4,0
2024-02-23 16:00:00,1.37,13.36,76.8,16,4,0
2024-02-23 17:00:00,1.891,13.66,78.2,17,4,0
2024-02-23 18:00:00,2.407,15.91,78.6,18,4,0
2024-02-23 19:00:00,3.193,17.62,75.7,19,4,0
2024-02-23 20:00:00,3.424,16.28,77.6,20,4,0
2024-02-23 21:00:00,3.053,16.64,73.9,21,4,0
2024-02-23 22:00:00,2.441,15.74,63.7,22,4,0
2024-02-23 23:00:00,1.789,14.92,75.0,23,4,0
2024-02-24 00:00:00,1.239,14.6,68.3,0,5,1
2024-02-24 01:00:00,1.202,12.79,60.0,1,5,1
2024-02-24 02:00:00,1.36,11.97,57.6,2,5,1
2024-02-24 03:00:00,1.486,10.84,50.9,3,5,1
2024-02-24 04:00:00,1.606,9.16,57.1,4,5,1
2024-02-24 05:00:00,1.803,9.23,56.2,5,5,1
2024-02-24 06:00:00,2.229,7.82,50.5,6,5,1
2024-02-24 07:00:00,2.89,7.03,53.6,7,5,1
2024-02-24 08:00:00,3.32,7.65,52.5,8,5,1
2024-02-24 09:00:00,3.204,6.95,50.4,9,5,1
2024-02-24 10:00:00,2.883,7.96,56.3,10,5,1
2024-02-24 11:00:00,2.543,8.65,61.5,11,5,1
2024-02-24 12:00:00,2.482,10.25,63.6,12,5,1
2024-02-24 13:00:00,2.191,10.97,68.2,13,5,1
2024-02-24 14:00:00,2.145,11.84,72.2,14,5,1
2024-02-24 15:00:00,1.731,13.51,75.4,15,5,1
2024-02-24 16:00:00,1.626,14.94,78.1,16,5,1
2024-02-24 17:00:00,1.887,15.38,76.3,17,5,1
2024-02-24 18:00:00,2.477,15.77,77.8,18,5,1
2024-02-24 19:00:00,3.017,15.43,75.6,19,5,1
2024-02-24 20:00:00,3.394,15.74,80.9,20,5,1
2024-02-24 21:00:00,3.08,16.04,69.3,21,5,1
2024-02-24 22:00:00,2.303,15.41,76.0,22,5,1
2024-02-24 23:00:00,1.753,14.95,73.0,23,5,1
2024-02-25 00:00:00,1.185,14.17,64.1,0,6,1
2024-02-25 01:00:00,1.24,13.38,53.3,1,6,1
2024-02-25 02:00:00,1.253,11.85,56.4,2,6,1
2024-02-25 03:00:00,1.531,11.03,54.2,3,6,1
2024-02-25 04:00:00,1.552,9.69,49.0,4,6,1
2024-02-25 05:00:00,1.833,7.54,49.0,5,6,1
2024-02-25 06:00:00,2.229,7.45,54.6,6,6,1
2024-02-25 07:00:00,2.792,7.48,52.5,7,6,1
2024-02-25 08:00:00,3.416,6.69,49.2,8,6,1
2024-02-25 09:00:00,3.071,7.94,49.6,9,6,1
2024-02-25 10:00:00,2.7,8.95,56.5,10,6,1
2024-02-25 11:00:00,2.668,9.48,60.5,11,6,1
2024-02-25 12:00:00,2.681,9.56,66.5,12,6,1
2024-02-25 13:00:00,2.311,11.67,67.3,13,6,1
2024-02-25 14:00:00,2.101,12.03,74.0,14,6,1
2024-02-25 15:00:00,1.742,12.91,81.4,15,6,1
2024-02-25 16:00:00,1.527,13.83,80.4,16,6,1
2024-02-25 17:00:00,1.934,14.95,79.3,17,6,1
2024-02-25 18:00:00,4.248,15.62,79.5,18,6,1
2024-02-25 19:00:00,3.231,16.41,78.4,19,6,1
2024-02-25 20:00:00,3.373,16.56,81.5,20,6,1
2024-02-25 21:00:00,3.015,16.32,73.7,21,6,1
2024-02-25 22:00:00,2.357,16.13,72.6,22,6,1
2024-02-25 23:00:00,1.673,15.87,69.0,23,6,1
2024-02-26 00:00:00,1.191,14.8,63.5,0,0,0
2024-02-26 01:00:00,1.468,12.26,57.0,1,0,0
2024-02-26 02:00:00,1.473,10.45,58.5,2,0,0
2024-02-26 03:00:00,1.435,11.38,54.2,3,0,0
2024-02-26 04:00:00,1.731,8.92,53.5,4,0,0
2024-02-26 05:00:00,1.7,8.68,48.9,5,0,0
2024-02-26 06:00:00,2.337,7.4,53.7,6,0,0
2024-02-26 07:00:00,3.005,6.58,47.9,7,0,0
2024-02-26 08:00:00,3.083,7.83,57.1,8,0,0
2024-02-26 09:00:00,2.676,8.12,49.2,9,0,0
2024-02-26 10:00:00,2.092,7.77,58.8,10,0,0
2024-02-26 11:00:00,1.87,7.28,62.5,11,0,0
2024-02-26 12:00:00,1.649,9.44,62.6,12,0,0
2024-02-26 13:00:00,1.738,11.1,70.2,13,0,0
2024-02-26 14:00:00,1.701,11.14,76.3,14,0,0
2024-02-26 15:00:00,1.383,13.31,69.0,15,0,0
2024-02-26 16:00:00,1.214,14.28,79.5,16,0,0
2024-02-26 17:00:00,1.71,15.57,72.0,17,0,0
2024-02-26 18:00:00,2.451,16.01,77.1,18,0,0
2024-02-26 19:00:00,3.067,15.81,84.4,19,0,0
2024-02-26 20:00:00,3.373,17.27,76.2,20,0,0
2024-02-26 21:00:00,3.189,16.31,72.1,21,0,0
2024-02-26 22:00:00,2.501,15.94,71.9,22,0,0
2024-02-26 23:00:00,1.918,14.68,75.1,23,0,0
2024-02-27 00:00:00,1.121,14.05,59.5,0,1,0
2024-02-27 01:00:00,1.277,12.7,58.0,1,1,0
2024-02-27 02:00:00,1.423,11.97,62.0,2,1,0
2024-02-27 03:00:00,1.402,11.94,60.0,3,1,0
2024-02-27 04:00:00,1.736,9.01,51.7,4,1,0
2024-02-27 05:00:00,1.825,7.94,46.8,5,1,0
2024-02-27 06:00:00,2.189,9.07,56.3,6,1,0
2024-02-27 07:00:00,2.806,7.62,55.3,7,1,0
2024-02-27 08:00:00,3.23,7.19,54.0,8,1,0
2024-02-27 09:00:00,2.676,8.38,52.0,9,1,0
2024-02-27 10:00:00,2.032,7.84,57.4,10,1,0
2024-02-27 11:00:00,1.752,10.02,60.6,11,1,0
2024-02-27 12:00:00,3.41,10.27,66.0,12,1,0
2024-02-27 13:00:00,1.729,10.66,73.2,13,1,0
2024-02-27 14:00:00,1.415,13.41,75.1,14,1,0
2024-02-27 15:00:00,1.512,12.92,72.4,15,1,0
2024-02-27 16:00:00,1.14,14.82,82.1,16,1,0
2024-02-27 17:00:00,1.694,15.49,80.4,17,1,0
2024-02-27 18:00:00,2.497,16.81,82.1,18,1,0
2024-02-27 19:00:00,3.108,17.42,83.9,19,1,0
2024-02-27 20:00:00,3.448,16.66,74.7,20,1,0
2024-02-27 21:00:00,3.112,16.04,75.5,21,1,0
2024-02-27 22:00:00,2.488,16.32,70.9,22,1,0
2024-02-27 23:00:00,1.743,14.93,64.2,23,1,0
2024-02-28 00:00:00,1.246,15.61,66.0,0,2,0
2024-02-28 01:00:00,1.327,13.41,68.7,1,2,0
2024-02-28 02:00:00,1.462,11.94,52.0,2,2,0
2024-02-28 03:00:00,1.593,11.11,54.3,3,2,0
2024-02-28 04:00:00,1.625,9.11,53.9,4,2,0
2024-02-28 05:00:00,1.776,8.41,50.9,5,2,0
2024-02-28 06:00:00,1.925,9.0,49.7,6,2,0
2024-02-28 07:00:00,2.734,7.44,46.6,7,2,0
2024-02-28 08:00:00,3.14,7.06,52.7,8,2,0
2024-02-28 09:00:00,2.803,8.16,52.1,9,2,0
2024-02-28 10:00:00,1.888,9.01,50.9,10,2,0
2024-02-28 11:00:00,1.788,9.45,64.7,11,2,0
2024-02-28 12:00:00,1.653,10.55,67.9,12,2,0
2024-02-28 13:00:00,1.663,10.58,69.0,13,2,0
2024-02-28 14:00:00,1.607,11.35,73.2,14,2,0
2024-02-28 15:00:00,1.284,14.28,78.8,15,2,0
2024-02-28 16:00:00,1.281,14.27,78.7,16,2,0
2024-02-28 17:00:00,1.672,15.25,82.2,17,2,0
2024-02-28 18:00:00,2.423,16.92,79.1,18,2,0
2024-02-28 19:00:00,3.069,16.91,83.4,19,2,0
2024-02-28 20:00:00,3.359,17.0,79.0,20,2,0
2024-02-28 21:00:00,3.14,17.88,76.2,21,2,0
2024-02-28 22:00:00,2.495,15.75,68.7,22,2,0
2024-02-28 23:00:00,1.827,15.98,69.7,23,2,0
2024-02-29 00:00:00,1.28,14.53,62.5,0,3,0
2024-02-29 01:00:00,1.28,13.57,59.2,1,3,0
2024-02-29 02:00:00,1.243,13.17,55.1,2,3,0
2024-02-29 03:00:00,1.372,11.4,51.2,3,3,0
2024-02-29 04:00:00,1.533,10.33,58.4,4,3,0
2024-02-29 05:00:00,1.695,9.72,54.5,5,3,0
2024-02-29 06:00:00,2.226,8.15,55.8,6,3,0
2024-02-29 07:00:00,4.439,7.42,46.8,7,3,0
2024-02-29 08:00:00,3.105,7.15,52.2,8,3,0
2024-02-29 09:00:00,2.824,6.75,50.5,9,3,0
2024-02-29 10:00:00,1.942,9.62,55.4,10,3,0
2024-02-29 11:00:00,1.891,8.44,58.4,11,3,0
2024-02-29 12:00:00,4.219,9.91,68.7,12,3,0
2024-02-29 13:00:00,1.641,10.96,67.7,13,3,0
2024-02-29 14:00:00,1.396,12.48,75.7,14,3,0
2024-02-29 15:00:00,1.239,13.95,77.4,15,3,0
2024-02-29 16:00:00,1.337,15.07,84.9,16,3,0
2024-02-29 17:00:00,1.836,15.14,75.1,17,3,0
2024-02-29 18:00:00,2.354,16.11,83.8,18,3,0
2024-02-29 19:00:00,3.111,16.83,82.9,19,3,0
2024-02-29 20:00:00,3.45,16.67,75.1,20,3,0
2024-02-29 21:00:00,3.015,17.63,78.6,21,3,0
2024-02-29 22:00:00,2.531,16.52,73.5,22,3,0
2024-02-29 23:00:00,1.778,15.95,68.2,23,3,0
2024-03-01 00:00:00,1.301,14.98,62.5,0,4,0
2024-03-01 01:00:00,1.157,14.21,59.0,1,4,0
2024-03-01 02:00:00,1.242,12.45,63.6,2,4,0
2024-03-01 03:00:00,1.452,10.4,54.4,3,4,0
2024-03-01 04:00:00,1.5,10.34,54.4,4,4,0
2024-03-01 05:00:00,1.694,8.78,48.1,5,4,0
2024-03-01 06:00:00,2.098,8.14,47.7,6,4,0
2024-03-01 07:00:00,2.73,8.36,53.8,7,4,0
2024-03-01 08:00:00,3.018,8.61,48.0,8,4,0
2024-03-01 09:00:00,2.724,8.03,53.1,9,4,0
2024-03-01 10:00:00,1.828,8.66,57.6,10,4,0
2024-03-01 11:00:00,3.116,10.21,61.5,11,4,0
2024-03-01 12:00:00,1.668,10.27,64.5,12,4,0
2024-03-01 13:00:00,1.63,12.78,70.1,13,4,0
2024-03-01 14:00:00,1.402,12.72,74.6,14,4,0
2024-03-01 15:00:00,1.291,12.5,77.8,15,4,0
2024-03-01 16:00:00,1.365,15.09,75.0,16,4,0
2024-03-01 17:00:00,1.836,15.81,78.6,17,4,0
2024-03-01 18:00:00,2.362,17.07,83.6,18,4,0
2024-03-01 19:00:00,2.985,17.15,82.2,19,4,0
2024-03-01 20:00:00,3.523,16.82,73.9,20,4,0
2024-03-01 21:00:00,3.22,16.02,76.7,21,4,0
2024-03-01 22:00:00,2.243,16.19,66.6,22,4,0
2024-03-01 23:00:00,1.772,15.09,69.0,23,4,0
2024-03-02 00:00:00,1.333,14.32,70.7,0,5,1
2024-03-02 01:00:00,1.167,13.94,58.3,1,5,1
2024-03-02 02:00:00,1.206,13.43,55.0,2,5,1
2024-03-02 03:00:00,1.378,11.51,56.7,3,5,1
2024-03-02 04:00:00,1.489,9.47,47.4,4,5,1
2024-03-02 05:00:00,1.535,9.53,48.6,5,5,1
2024-03-02 06:00:00,2.135,9.27,51.8,6,5,1
2024-03-02 07:00:00,2.687,7.74,48.6,7,5,1
2024-03-02 08:00:00,3.305,7.87,51.3,8,5,1
2024-03-02 09:00:00,3.157,8.12,56.6,9,5,1
2024-03-02 10:00:00,2.724,8.09,58.8,10,5,1
2024-03-02 11:00:00,4.881,9.67,61.9,11,5,1
2024-03-02 12:00:00,2.612,10.14,64.0,12,5,1
2024-03-02 13:00:00,2.305,11.56,70.0,13,5,1
2024-03-02 14:00:00,1.985,11.94,72.1,14,5,1
2024-03-02 15:00:00,3.78,13.38,77.0,15,5,1
2024-03-02 16:00:00,1.738,15.16,76.5,16,5,1
2024-03-02 17:00:00,1.836,15.44,78.9,17,5,1
2024-03-02 18:00:00,2.372,17.42,77.0,18,5,1
2024-03-02 19:00:00,3.074,16.6,79.4,19,5,1
2024-03-02 20:00:00,3.423,17.13,75.6,20,5,1
2024-03-02 21:00:00,3.092,17.41,72.3,21,5,1
2024-03-02 22:00:00,2.517,15.55,73.3,22,5,1
2024-03-02 23:00:00,1.686,14.63,69.5,23,5,1
2024-03-03 00:00:00,1.092,13.85,67.3,0,6,1
2024-03-03 01:00:00,1.214,14.44,59.8,1,6,1
2024-03-03 02:00:00,1.306,12.19,58.7,2,6,1
2024-03-03 03:00:00,1.24,12.89,56.0,3,6,1
2024-03-03 04:00:00,1.399,9.94,53.3,4,6,1
2024-03-03 05:00:00,1.678,9.46,48.0,5,6,1
2024-03-03 06:00:00,2.024,9.56,50.4,6,6,1
2024-03-03 07:00:00,2.754,9.39,51.6,7,6,1
2024-03-03 08:00:00,3.178,9.28,52.0,8,6,1
2024-03-03 09:00:00,3.012,8.92,48.1,9,6,1
2024-03-03 10:00:00,2.84,9.27,58.0,10,6,1
2024-03-03 11:00:00,2.497,9.73,67.8,11,6,1
2024-03-03 12:00:00,2.507,10.77,63.9,12,6,1
2024-03-03 13:00:00,2.169,11.06,66.7,13,6,1
2024-03-03 14:00:00,1.957,12.07,73.6,14,6,1
2024-03-03 15:00:00,1.621,13.73,76.5,15,6,1
2024-03-03 16:00:00,1.704,14.72,81.6,16,6,1
2024-03-03 17:00:00,3.997,15.48,75.7,17,6,1
2024-03-03 18:00:00,2.443,16.89,82.2,18,6,1
2024-03-03 19:00:00,3.019,17.5,81.3,19,6,1
2024-03-03 20:00:00,3.376,17.14,77.6,20,6,1
2024-03-03 21:00:00,3.046,17.82,76.6,21,6,1
2024-03-03 22:00:00,2.473,15.8,75.6,22,6,1
2024-03-03 23:00:00,1.729,15.66,71.5,23,6,1
2024-03-04 00:00:00,1.306,14.42,61.6,0,0,0
2024-03-04 01:00:00,1.174,12.65,63.6,1,0,0
2024-03-04 02:00:00,1.251,12.56,57.3,2,0,0
2024-03-04 03:00:00,3.616,11.37,54.6,3,0,0
2024-03-04 04:00:00,1.398,11.27,52.2,4,0,0
2024-03-04 05:00:00,1.536,9.82,50.1,5,0,0
2024-03-04 06:00:00,2.135,8.11,53.6,6,0,0
2024-03-04 07:00:00,2.583,9.39,50.3,7,0,0
2024-03-04 08:00:00,2.944,8.86,48.7,8,0,0
2024-03-04 09:00:00,2.593,8.64,53.2,9,0,0
2024-03-04 10:00:00,2.191,8.6,58.0,10,0,0
2024-03-04 11:00:00,1.75,8.88,64.8,11,0,0
2024-03-04 12:00:00,1.529,10.17,66.8,12,0,0
2024-03-04 13:00:00,1.671,12.14,66.3,13,0,0
2024-03-04 14:00:00,4.096,13.78,80.0,14,0,0
2024-03-04 15:00:00,1.254,14.75,76.4,15,0,0
2024-03-04 16:00:00,1.24,14.62,81.8,16,0,0
2024-03-04 17:00:00,1.862,15.17,79.0,17,0,0
2024-03-04 18:00:00,2.423,16.65,81.6,18,0,0
2024-03-04 19:00:00,2.953,15.96,82.0,19,0,0
2024-03-04 20:00:00,3.543,17.37,81.6,20,0,0
2024-03-04 21:00:00,4.548,16.94,78.8,21,0,0
2024-03-04 22:00:00,2.562,16.3,75.1,22,0,0
2024-03-04 23:00:00,1.91,14.91,67.9,23,0,0
2024-03-05 00:00:00,1.12,15.25,63.3,0,1,0
2024-03-05 01:00:00,1.319,13.54,62.1,1,1,0
2024-03-05 02:00:00,1.309,11.99,60.3,2,1,0
2024-03-05 03:00:00,1.387,9.81,53.7,3,1,0
2024-03-05 04:00:00,1.465,10.44,55.2,4,1,0
2024-03-05 05:00:00,1.612,10.59,54.9,5,1,0
2024-03-05 06:00:00,1.945,9.81,47.3,6,1,0
2024-03-05 07:00:00,2.7,8.09,48.0,7,1,0
2024-03-05 08:00:00,3.183,7.86,51.6,8,1,0
2024-03-05 09:00:00,2.688,8.66,55.3,9,1,0
2024-03-05 10:00:00,1.932,8.23,55.9,10,1,0
2024-03-05 11:00:00,1.758,9.73,65.2,11,1,0
2024-03-05 12:00:00,1.637,10.94,66.3,12,1,0
2024-03-05 13:00:00,1.337,12.31,69.0,13,1,0
2024-03-05 14:00:00,1.515,12.68,68.2,14,1,0
2024-03-05 15:00:00,1.364,13.79,71.7,15,1,0
2024-03-05 16:00:00,1.317,14.47,78.8,16,1,0
2024-03-05 17:00:00,1.88,15.44,73.1,17,1,0
2024-03-05 18:00:00,2.389,16.52,83.0,18,1,0
2024-03-05 19:00:00,3.134,17.33,79.0,19,1,0
2024-03-05 20:00:00,3.275,17.81,87.7,20,1,0
2024-03-05 21:00:00,3.14,16.63,82.5,21,1,0
2024-03-05 22:00:00,2.599,17.56,72.0,22,1,0
2024-03-05 23:00:00,1.729,15.79,68.6,23,1,0
2024-03-06 00:00:00,1.139,15.01,68.0,0,2,0
2024-03-06 01:00:00,1.183,13.5,66.2,1,2,0
2024-03-06 02:00:00,1.424,11.33,52.6,2,2,0
2024-03-06 03:00:00,1.264,12.15,49.0,3,2,0
2024-03-06 04:00:00,1.49,10.98,50.1,4,2,0
2024-03-06 05:00:00,1.739,9.45,52.3,5,2,0
2024-03-06 06:00:00,2.094,8.94,51.5,6,2,0
2024-03-06 07:00:00,2.529,8.77,53.7,7,2,0
2024-03-06 08:00:00,3.21,7.37,48.4,8,2,0
2024-03-06 09:00:00,2.795,8.15,47.4,9,2,0
2024-03-06 10:00:00,1.973,9.39,60.1,10,2,0
2024-03-06 11:00:00,1.8,8.88,58.6,11,2,0
2024-03-06 12:00:00,1.654,10.75,58.9,12,2,0
2024-03-06 13:00:00,4.037,10.85,69.3,13,2,0
2024-03-06 14:00:00,1.6,13.11,74.9,14,2,0
2024-03-06 15:00:00,1.241,13.98,75.2,15,2,0
2024-03-06 16:00:00,1.401,14.12,76.6,16,2,0
2024-03-06 17:00:00,1.801,16.72,79.0,17,2,0
2024-03-06 18:00:00,2.432,16.3,78.9,18,2,0
2024-03-06 19:00:00,2.984,16.71,75.4,19,2,0
2024-03-06 20:00:00,3.377,17.47,75.8,20,2,0
2024-03-06 21:00:00,3.027,17.89,77.2,21,2,0
2024-03-06 22:00:00,2.405,16.15,73.5,22,2,0
2024-03-06 23:00:00,1.72,16.08,69.4,23,2,0
2024-03-07 00:00:00,1.164,15.37,62.0,0,3,0
2024-03-07 01:00:00,1.168,14.45,60.6,1,3,0
2024-03-07 02:00:00,1.289,12.98,51.0,2,3,0
2024-03-07 03:00:00,1.273,11.49,54.9,3,3,0
2024-03-07 04:00:00,1.408,10.13,56.3,4,3,0
2024-03-07 05:00:00,1.676,9.75,46.1,5,3,0
2024-03-07 06:00:00,2.035,8.35,48.2,6,3,0
2024-03-07 07:00:00,2.915,6.79,51.5,7,3,0
2024-03-07 08:00:00,4.889,8.66,55.8,8,3,0
2024-03-07 09:00:00,2.693,9.1,53.0,9,3,0
2024-03-07 10:00:00,2.163,7.59,55.4,10,3,0
2024-03-07 11:00:00,1.726,9.12,55.2,11,3,0
2024-03-07 12:00:00,1.568,11.03,65.3,12,3,0
2024-03-07 13:00:00,1.554,12.98,75.0,13,3,0
2024-03-07 14:00:00,1.501,12.93,73.3,14,3,0
2024-03-07 15:00:00,1.328,13.65,75.5,15,3,0
2024-03-07 16:00:00,1.426,15.07,79.0,16,3,0
2024-03-07 17:00:00,1.791,16.94,79.5,17,3,0
2024-03-07 18:00:00,2.445,16.44,77.6,18,3,0
2024-03-07 19:00:00,3.109,16.8,82.0,19,3,0
2024-03-07 20:00:00,3.325,17.15,78.7,20,3,0
2024-03-07 21:00:00,3.113,16.72,75.7,21,3,0
2024-03-07 22:00:00,2.554,16.92,69.6,22,3,0
2024-03-07 23:00:00,1.844,17.11,72.8,23,3,0
2024-03-08 00:00:00,1.202,15.4,67.0,0,4,0
2024-03-08 01:00:00,1.189,13.97,59.5,1,4,0
2024-03-08 02:00:00,1.323,12.79,60.5,2,4,0
2024-03-08 03:00:00,4.176,10.86,52.9,3,4,0
2024-03-08 04:00:00,1.483,11.25,49.7,4,4,0
2024-03-08 05:00:00,1.62,9.75,48.2,5,4,0
2024-03-08 06:00:00,2.075,8.97,44.7,6,4,0
2024-03-08 07:00:00,2.566,10.55,51.9,7,4,0
2024-03-08 08:00:00,2.947,8.66,46.5,8,4,0
2024-03-08 09:00:00,2.73,8.19,50.7,9,4,0
2024-03-08 10:00:00,1.778,8.84,51.3,10,4,0
2024-03-08 11:00:00,1.679,10.5,60.9,11,4,0
2024-03-08 12:00:00,1.684,10.82,64.5,12,4,0
2024-03-08 13:00:00,1.705,10.98,67.9,13,4,0
2024-03-08 14:00:00,1.378,13.56,69.4,14,4,0
2024-03-08 15:00:00,1.359,13.77,72.1,15,4,0
2024-03-08 16:00:00,1.429,16.39,79.4,16,4,0
2024-03-08 17:00:00,1.921,16.85,77.8,17,4,0
2024-03-08 18:00:00,4.366,16.65,80.9,18,4,0
2024-03-08 19:00:00,3.118,18.14,76.8,19,4,0
2024-03-08 20:00:00,3.489,17.57,78.5,20,4,0
2024-03-08 21:00:00,2.987,17.89,79.5,21,4,0
2024-03-08 22:00:00,2.417,17.22,74.3,22,4,0
2024-03-08 23:00:00,1.915,15.71,67.6,23,4,0
2024-03-09 00:00:00,2.952,14.91,65.8,0,5,1
2024-03-09 01:00:00,1.23,14.83,60.4,1,5,1
2024-03-09 02:00:00,1.172,12.85,57.5,2,5,1
2024-03-09 03:00:00,1.385,11.65,53.4,3,5,1
2024-03-09 04:00:00,1.469,10.24,51.5,4,5,1
2024-03-09 05:00:00,1.649,10.14,51.1,5,5,1
2024-03-09 06:00:00,1.895,10.41,47.0,6,5,1
2024-03-09 07:00:00,2.725,8.08,47.5,7,5,1
2024-03-09 08:00:00,3.062,8.59,47.8,8,5,1
2024-03-09 09:00:00,3.067,9.58,49.6,9,5,1
2024-03-09 10:00:00,2.724,9.14,53.8,10,5,1
2024-03-09 11:00:00,2.58,10.17,61.6,11,5,1
2024-03-09 12:00:00,2.51,10.2,62.3,12,5,1
2024-03-09 13:00:00,2.127,12.18,70.4,13,5,1
2024-03-09 14:00:00,1.851,12.98,72.6,14,5,1
2024-03-09 15:00:00,1.616,14.86,69.7,15,5,1
2024-03-09 16:00:00,1.584,16.07,80.0,16,5,1
2024-03-09 17:00:00,1.844,17.84,81.9,17,5,1
2024-03-09 18:00:00,2.38,17.36,77.0,18,5,1
2024-03-09 19:00:00,3.247,17.66,80.7,19,5,1
2024-03-09 20:00:00,3.482,17.74,75.4,20,5,1
2024-03-09 21:00:00,3.172,17.26,75.9,21,5,1
2024-03-09 22:00:00,2.433,17.23,68.7,22,5,1
2024-03-09 23:00:00,1.929,16.13,63.5,23,5,1
2024-03-10 00:00:00,1.183,15.48,63.9,0,6,1
2024-03-10 01:00:00,1.198,15.09,60.7,1,6,1
2024-03-10 02:00:00,1.33,12.54,56.3,2,6,1
2024-03-10 03:00:00,1.365,12.66,50.8,3,6,1
2024-03-10 04:00:00,1.452,11.69,50.8,4,6,1
2024-03-10 05:00:00,1.604,9.9,51.3,5,6,1
2024-03-10 06:00:00,2.111,7.99,49.9,6,6,1
2024-03-10 07:00:00,2.828,8.45,51.1,7,6,1
2024-03-10 08:00:00,3.217,9.44,50.0,8,6,1
2024-03-10 09:00:00,3.0,8.81,57.9,9,6,1
2024-03-10 10:00:00,2.667,8.67,54.0,10,6,1
2024-03-10 11:00:00,2.589,9.69,62.6,11,6,1
2024-03-10 12:00:00,2.462,11.43,68.5,12,6,1
2024-03-10 13:00:00,2.344,12.34,70.3,13,6,1
2024-03-10 14:00:00,1.851,13.04,71.9,14,6,1
2024-03-10 15:00:00,1.662,14.13,74.0,15,6,1
2024-03-10 16:00:00,1.61,15.21,81.1,16,6,1
2024-03-10 17:00:00,1.923,15.82,75.2,17,6,1
2024-03-10 18:00:00,2.441,18.07,77.1,18,6,1
2024-03-10 19:00:00,3.035,17.36,78.3,19,6,1
2024-03-10 20:00:00,3.445,18.44,81.7,20,6,1
2024-03-10 21:00:00,3.075,18.47,76.7,21,6,1
2024-03-10 22:00:00,2.344,17.71,69.6,22,6,1
2024-03-10 23:00:00,1.737,16.14,68.0,23,6,1
2024-03-11 00:00:00,1.339,15.71,63.2,0,0,0
2024-03-11 01:00:00,1.231,14.38,59.0,1,0,0
2024-03-11 02:00:00,1.313,12.69,60.4,2,0,0
2024-03-11 03:00:00,1.32,12.26,50.3,3,0,0
2024-03-11 04:00:00,1.535,10.28,56.8,4,0,0
2024-03-11 05:00:00,1.588,10.77,53.0,5,0,0
2024-03-11 06:00:00,2.064,9.07,53.3,6,0,0
2024-03-11 07:00:00,2.66,9.02,49.1,7,0,0
2024-03-11 08:00:00,3.076,8.92,51.6,8,0,0
2024-03-11 09:00:00,2.674,8.75,50.1,9,0,0
2024-03-11 10:00:00,1.803,9.71,55.9,10,0,0
2024-03-11 11:00:00,1.648,9.8,62.6,11,0,0
2024-03-11 12:00:00,1.415,11.54,68.9,12,0,0
2024-03-11 13:00:00,1.781,11.3,65.6,13,0,0
2024-03-11 14:00:00,1.496,13.35,71.4,14,0,0
2024-03-11 15:00:00,1.249,15.61,75.2,15,0,0
2024-03-11 16:00:00,1.293,14.93,73.8,16,0,0
2024-03-11 17:00:00,1.757,16.06,81.3,17,0,0
2024-03-11 18:00:00,2.566,17.49,77.8,18,0,0
2024-03-11 19:00:00,2.994,17.75,78.9,19,0,0
2024-03-11 20:00:00,3.409,18.01,76.6,20,0,0
2024-03-11 21:00:00,3.098,17.94,73.2,21,0,0
2024-03-11 22:00:00,2.509,17.58,72.5,22,0,0
2024-03-11 23:00:00,1.8,17.16,68.2,23,0,0
2024-03-12 00:00:00,1.059,15.81,63.9,0,1,0
2024-03-12 01:00:00,1.18,14.33,58.9,1,1,0
2024-03-12 02:00:00,1.145,13.72,58.5,2,1,0
2024-03-12 03:00:00,1.263,13.3,59.4,3,1,0
2024-03-12 04:00:00,1.569,11.0,52.4,4,1,0
2024-03-12 05:00:00,1.523,9.56,53.5,5,1,0
2024-03-12 06:00:00,1.894,10.1,45.8,6,1,0
2024-03-12 07:00:00,2.614,8.92,51.0,7,1,0
2024-03-12 08:00:00,3.086,7.54,48.7,8,1,0
2024-03-12 09:00:00,2.67,9.51,50.0,9,1,0
2024-03-12 10:00:00,1.914,9.13,55.3,10,1,0
2024-03-12 11:00:00,1.704,10.12,64.7,11,1,0
2024-03-12 12:00:00,1.543,11.3,67.9,12,1,0
2024-03-12 13:00:00,1.557,12.31,69.6,13,1,0
2024-03-12 14:00:00,1.454,13.79,67.9,14,1,0
2024-03-12 15:00:00,1.257,14.27,75.0,15,1,0
2024-03-12 16:00:00,1.378,15.93,78.9,16,1,0
2024-03-12 17:00:00,1.812,16.4,80.0,17,1,0
2024-03-12 18:00:00,2.526,17.72,74.5,18,1,0
2024-03-12 19:00:00,3.091,18.1,76.8,19,1,0
2024-03-12 20:00:00,3.43,17.32,77.8,20,1,0
2024-03-12 21:00:00,3.104,18.39,77.2,21,1,0
2024-03-12 22:00:00,2.435,16.97,65.9,22,1,0
2024-03-12 23:00:00,1.829,17.06,68.4,23,1,0
2024-03-13 00:00:00,1.243,15.87,65.4,0,2,0
2024-03-13 01:00:00,1.1,15.67,63.7,1,2,0
2024-03-13 02:00:00,1.373,13.27,59.6,2,2,0
2024-03-13 03:00:00,1.209,12.04,56.1,3,2,0
2024-03-13 04:00:00,1.388,11.15,49.6,4,2,0
2024-03-13 05:00:00,1.615,10.05,44.8,5,2,0
2024-03-13 06:00:00,1.999,10.01,48.8,6,2,0
2024-03-13 07:00:00,2.849,8.11,53.5,7,2,0
2024-03-13 08:00:00,2.907,8.3,56.2,8,2,0
2024-03-13 09:00:00,2.655,8.45,56.5,9,2,0
2024-03-13 10:00:00,1.679,10.11,58.8,10,2,0
2024-03-13 11:00:00,1.58,11.29,62.3,11,2,0
2024-03-13 12:00:00,1.628,11.13,63.3,12,2,0
2024-03-13 13:00:00,1.676,12.18,68.5,13,2,0
2024-03-13 14:00:00,1.425,13.49,77.5,14,2,0
2024-03-13 15:00:00,1.399,15.32,72.8,15,2,0
2024-03-13 16:00:00,1.362,15.15,82.8,16,2,0
2024-03-13 17:00:00,1.773,16.79,78.5,17,2,0
2024-03-13 18:00:00,2.33,17.95,84.0,18,2,0
2024-03-13 19:00:00,3.129,18.12,75.3,19,2,0
2024-03-13 20:00:00,3.281,18.09,79.7,20,2,0
2024-03-13 21:00:00,3.211,18.43,73.4,21,2,0
2024-03-13 22:00:00,2.429,15.76,68.3,22,2,0
2024-03-13 23:00:00,1.904,17.07,69.5,23,2,0
2024-03-14 00:00:00,1.162,15.35,68.0,0,3,0
2024-03-14 01:00:00,1.257,13.56,58.6,1,3,0
2024-03-14 02:00:00,1.233,13.8,53.0,2,3,0
2024-03-14 03:00:00,1.265,13.16,54.1,3,3,0
2024-03-14 04:00:00,4.125,11.17,51.7,4,3,0
2024-03-14 05:00:00,1.586,10.9,52.2,5,3,0
2024-03-14 06:00:00,1.846,10.58,52.8,6,3,0
2024-03-14 07:00:00,2.479,9.96,50.3,7,3,0
2024-03-14 08:00:00,3.019,10.0,57.6,8,3,0
2024-03-14 09:00:00,2.661,9.62,55.1,9,3,0
2024-03-14 10:00:00,1.889,9.67,56.5,10,3,0
2024-03-14 11:00:00,1.863,9.39,56.3,11,3,0
2024-03-14 12:00:00,1.584,11.14,64.2,12,3,0
2024-03-14 13:00:00,1.679,11.87,67.9,13,3,0
2024-03-14 14:00:00,1.389,14.84,75.4,14,3,0
2024-03-14 15:00:00,1.233,14.6,77.0,15,3,0
2024-03-14 16:00:00,1.463,15.87,74.5,16,3,0
2024-03-14 17:00:00,1.887,17.06,80.0,17,3,0
2024-03-14 18:00:00,2.433,17.48,82.0,18,3,0
2024-03-14 19:00:00,3.165,18.92,84.1,19,3,0
2024-03-14 20:00:00,3.368,17.69,80.7,20,3,0
2024-03-14 21:00:00,3.173,18.03,77.9,21,3,0
2024-03-14 22:00:00,2.251,17.02,72.7,22,3,0
2024-03-14 23:00:00,1.727,15.96,70.0,23,3,0
2024-03-15 00:00:00,1.278,15.46,68.7,0,4,0
2024-03-15 01:00:00,1.18,14.72,57.1,1,4,0
2024-03-15 02:00:00,1.27,13.33,56.5,2,4,0
2024-03-15 03:00:00,1.253,12.01,52.1,3,4,0
2024-03-15 04:00:00,1.642,10.5,53.1,4,4,0
2024-03-15 05:00:00,1.693,10.36,54.2,5,4,0
2024-03-15 06:00:00,2.046,8.8,48.2,6,4,0
2024-03-15 07:00:00,2.563,9.71,43.3,7,4,0
2024-03-15 08:00:00,3.07,9.16,50.8,8,4,0
2024-03-15 09:00:00,2.859,8.39,57.1,9,4,0
2024-03-15 10:00:00,1.972,9.53,59.1,10,4,0
2024-03-15 11:00:00,1.855,9.99,62.4,11,4,0
2024-03-15 12:00:00,1.498,11.56,64.2,12,4,0
2024-03-15 13:00:00,3.239,13.27,65.0,13,4,0
2024-03-15 14:00:00,1.4,12.5,74.0,14,4,0
2024-03-15 15:00:00,1.351,14.87,73.1,15,4,0
2024-03-15 16:00:00,1.329,15.79,84.5,16,4,0
2024-03-15 17:00:00,1.796,17.23,81.2,17,4,0
2024-03-15 18:00:00,2.507,17.67,78.3,18,4,0
2024-03-15 19:00:00,3.206,17.54,77.7,19,4,0
2024-03-15 20:00:00,3.278,17.96,77.7,20,4,0
2024-03-15 21:00:00,3.059,17.52,74.9,21,4,0
2024-03-15 22:00:00,2.508,18.2,75.9,22,4,0
2024-03-15 23:00:00,3.436,16.86,69.4,23,4,0
2024-03-16 00:00:00,1.136,17.06,62.8,0,5,1
2024-03-16 01:00:00,1.281,14.8,66.8,1,5,1
2024-03-16 02:00:00,1.157,13.25,57.6,2,5,1
2024-03-16 03:00:00,1.369,11.6,56.7,3,5,1
2024-03-16 04:00:00,1.534,10.35,50.2,4,5,1
2024-03-16 05:00:00,1.624,9.55,51.6,5,5,1
2024-03-16 06:00:00,2.059,9.95,50.9,6,5,1
2024-03-16 07:00:00,2.636,9.65,44.8,7,5,1
2024-03-16 08:00:00,3.367,8.25,58.1,8,5,1
2024-03-16 09:00:00,2.935,9.89,58.3,9,5,1
2024-03-16 10:00:00,2.779,9.52,56.3,10,5,1
2024-03-16 11:00:00,2.591,10.61,57.8,11,5,1
2024-03-16 12:00:00,2.282,12.43,66.0,12,5,1
2024-03-16 13:00:00,1.976,13.09,69.1,13,5,1
2024-03-16 14:00:00,1.934,13.56,73.6,14,5,1
2024-03-16 15:00:00,1.702,14.35,76.2,15,5,1
2024-03-16 16:00:00,1.686,14.68,79.5,16,5,1
2024-03-16 17:00:00,1.797,16.48,83.8,17,5,1
2024-03-16 18:00:00,2.409,17.5,81.7,18,5,1
2024-03-16 19:00:00,3.268,17.49,76.3,19,5,1
2024-03-16 20:00:00,3.282,18.16,82.1,20,5,1
2024-03-16 21:00:00,3.166,18.14,80.5,21,5,1
2024-03-16 22:00:00,2.396,17.51,82.0,22,5,1
2024-03-16 23:00:00,1.781,16.54,65.5,23,5,1
2024-03-17 00:00:00,1.175,16.11,65.7,0,6,1
2024-03-17 01:00:00,1.136,15.19,54.9,1,6,1
2024-03-17 02:00:00,1.317,13.11,59.2,2,6,1
2024-03-17 03:00:00,1.357,13.45,52.7,3,6,1
2024-03-17 04:00:00,1.457,11.46,57.8,4,6,1
2024-03-17 05:00:00,1.594,10.6,48.2,5,6,1
2024-03-17 06:00:00,1.889,10.31,44.9,6,6,1
2024-03-17 07:00:00,2.729,9.57,49.1,7,6,1
2024-03-17 08:00:00,3.298,9.86,46.1,8,6,1
2024-03-17 09:00:00,2.937,9.61,56.6,9,6,1
2024-03-17 10:00:00,2.695,9.53,51.3,10,6,1
2024-03-17 11:00:00,4.246,10.83,61.2,11,6,1
2024-03-17 12:00:00,2.418,10.86,58.8,12,6,1
2024-03-17 13:00:00,1.951,12.7,67.9,13,6,1
2024-03-17 14:00:00,1.919,13.79,77.4,14,6,1
2024-03-17 15:00:00,1.629,14.85,76.7,15,6,1
2024-03-17 16:00:00,1.513,15.99,75.4,16,6,1
2024-03-17 17:00:00,1.875,15.87,79.4,17,6,1
2024-03-17 18:00:00,5.123,17.39,80.1,18,6,1
2024-03-17 19:00:00,3.08,18.23,80.9,19,6,1
2024-03-17 20:00:00,3.517,18.43,73.9,20,6,1
2024-03-17 21:00:00,2.994,17.56,77.4,21,6,1
2024-03-17 22:00:00,2.32,18.49,64.4,22,6,1
2024-03-17 23:00:00,1.83,16.5,67.0,23,6,1
2024-03-18 00:00:00,1.292,16.68,63.5,0,0,0
2024-03-18 01:00:00,1.074,15.27,63.0,1,0,0
2024-03-18 02:00:00,1.276,13.46,57.6,2,0,0
2024-03-18 03:00:00,1.267,13.76,50.2,3,0,0
2024-03-18 04:00:00,1.299,10.89,49.1,4,0,0
2024-03-18 05:00:00,1.592,11.23,51.1,5,0,0
2024-03-18 06:00:00,1.991,10.57,49.8,6,0,0
2024-03-18 07:00:00,2.618,9.12,48.8,7,0,0
2024-03-18 08:00:00,3.003,10.21,50.6,8,0,0
2024-03-18 09:00:00,2.713,9.38,56.5,9,0,0
2024-03-18 10:00:00,1.853,10.16,55.9,10,0,0
2024-03-18 11:00:00,1.576,10.86,60.9,11,0,0
2024-03-18 12:00:00,1.494,11.56,71.5,12,0,0
2024-03-18 13:00:00,1.463,13.21,64.6,13,0,0
2024-03-18 14:00:00,1.42,14.37,66.9,14,0,0
2024-03-18 15:00:00,1.289,14.02,78.0,15,0,0
2024-03-18 16:00:00,1.139,16.94,76.0,16,0,0
2024-03-18 17:00:00,1.91,16.09,78.5,17,0,0
2024-03-18 18:00:00,2.458,18.43,77.7,18,0,0
2024-03-18 19:00:00,3.077,18.94,78.7,19,0,0
2024-03-18 20:00:00,3.469,17.76,82.8,20,0,0
2024-03-18 21:00:00,3.229,18.02,78.0,21,0,0
2024-03-18 22:00:00,2.218,17.16,75.1,22,0,0
2024-03-18 23:00:00,1.843,16.98,64.6,23,0,0
2024-03-19 00:00:00,1.086,16.0,61.5,0,1,0
2024-03-19 01:00:00,1.24,15.57,52.6,1,1,0
2024-03-19 02:00:00,1.21,14.73,55.1,2,1,0
2024-03-19 03:00:00,1.282,13.62,57.3,3,1,0
2024-03-19 04:00:00,1.386,11.36,53.6,4,1,0
2024-03-19 05:00:00,1.426,10.64,49.8,5,1,0
2024-03-19 06:00:00,2.006,9.05,49.9,6,1,0
2024-03-19 07:00:00,2.674,9.13,48.4,7,1,0
2024-03-19 08:00:00,2.998,10.04,52.6,8,1,0
2024-03-19 09:00:00,2.431,10.59,56.7,9,1,0
2024-03-19 10:00:00,1.994,9.33,52.7,10,1,0
2024-03-19 11:00:00,1.594,10.44,62.0,11,1,0
2024-03-19 12:00:00,1.589,11.71,67.8,12,1,0
2024-03-19 13:00:00,1.444,12.98,67.6,13,1,0
2024-03-19 14:00:00,1.429,13.5,74.6,14,1,0
2024-03-19 15:00:00,1.387,15.41,84.1,15,1,0
2024-03-19 16:00:00,1.217,15.96,77.7,16,1,0
2024-03-19 17:00:00,1.754,17.17,80.7,17,1,0
2024-03-19 18:00:00,2.457,18.22,77.8,18,1,0
2024-03-19 19:00:00,3.299,18.35,80.0,19,1,0
2024-03-19 20:00:00,3.331,18.25,79.4,20,1,0
2024-03-19 21:00:00,3.27,18.29,76.2,21,1,0
2024-03-19 22:00:00,2.603,17.86,69.4,22,1,0
2024-03-19 23:00:00,1.8,16.98,69.5,23,1,0
2024-03-20 00:00:00,1.176,16.12,69.4,0,2,0
2024-03-20 01:00:00,1.145,16.15,62.5,1,2,0
2024-03-20 02:00:00,1.195,14.37,60.4,2,2,0
2024-03-20 03:00:00,1.193,12.69,53.7,3,2,0
2024-03-20 04:00:00,1.352,12.21,54.3,4,2,0
2024-03-20 05:00:00,1.694,10.66,51.3,5,2,0
2024-03-20 06:00:00,1.85,10.85,47.1,6,2,0
2024-03-20 07:00:00,2.559,9.92,51.5,7,2,0
2024-03-20 08:00:00,2.825,9.49,49.0,8,2,0
2024-03-20 09:00:00,2.604,9.98,52.5,9,2,0
2024-03-20 10:00:00,1.941,9.22,58.1,10,2,0
2024-03-20 11:00:00,1.67,10.2,62.0,11,2,0
2024-03-20 12:00:00,1.591,11.1,61.4,12,2,0
2024-03-20 13:00:00,1.46,12.99,72.0,13,2,0
2024-03-20 14:00:00,1.415,15.11,74.2,14,2,0
2024-03-20 15:00:00,1.313,16.58,73.5,15,2,0
2024-03-20 16:00:00,1.34,16.71,73.4,16,2,0
2024-03-20 17:00:00,1.825,17.57,79.1,17,2,0
2024-03-20 18:00:00,2.532,16.91,78.7,18,2,0
2024-03-20 19:00:00,3.161,18.11,79.8,19,2,0
2024-03-20 20:00:00,3.415,18.12,76.9,20,2,0
2024-03-20 21:00:00,5.943,18.07,69.6,21,2,0
2024-03-20 22:00:00,2.476,17.9,71.3,22,2,0
2024-03-20 23:00:00,1.913,17.01,68.0,23,2,0
2024-03-21 00:00:00,1.249,15.17,66.9,0,3,0
2024-03-21 01:00:00,1.053,15.73,59.0,1,3,0
2024-03-21 02:00:00,1.347,13.47,62.5,2,3,0
2024-03-21 03:00:00,1.284,13.1,48.7,3,3,0
2024-03-21 04:00:00,1.281,13.12,55.9,4,3,0
2024-03-21 05:00:00,1.618,10.4,49.8,5,3,0
2024-03-21 06:00:00,2.041,8.72,52.6,6,3,0
2024-03-21 07:00:00,2.621,9.62,50.8,7,3,0
2024-03-21 08:00:00,2.849,10.3,55.4,8,3,0
2024-03-21 09:00:00,2.596,10.97,53.2,9,3,0
2024-03-21 10:00:00,1.888,9.51,54.2,10,3,0
2024-03-21 11:00:00,1.548,11.27,65.4,11,3,0
2024-03-21 12:00:00,1.492,11.63,64.7,12,3,0
2024-03-21 13:00:00,1.51,12.93,69.5,13,3,0
2024-03-21 14:00:00,1.39,15.75,76.2,14,3,0
2024-03-21 15:00:00,1.346,14.43,72.5,15,3,0
2024-03-21 16:00:00,1.233,16.57,79.8,16,3,0
2024-03-21 17:00:00,1.68,17.64,77.7,17,3,0
2024-03-21 18:00:00,2.492,18.73,79.6,18,3,0
2024-03-21 19:00:00,3.226,18.59,79.7,19,3,0
2024-03-21 20:00:00,3.318,18.87,73.5,20,3,0
2024-03-21 21:00:00,3.234,18.3,73.3,21,3,0
2024-03-21 22:00:00,2.465,18.25,76.6,22,3,0
2024-03-21 23:00:00,1.808,17.17,71.5,23,3,0
2024-03-22 00:00:00,1.168,16.82,64.8,0,4,0
2024-03-22 01:00:00,1.089,15.15,61.8,1,4,0
2024-03-22 02:00:00,1.279,14.43,56.6,2,4,0
2024-03-22 03:00:00,1.217,13.03,58.5,3,4,0
2024-03-22 04:00:00,1.261,12.64,51.4,4,4,0
2024-03-22 05:00:00,1.626,11.01,51.2,5,4,0
2024-03-22 06:00:00,1.875,9.26,53.4,6,4,0
2024-03-22 07:00:00,2.399,10.64,48.2,7,4,0
2024-03-22 08:00:00,2.983,9.19,56.7,8,4,0
2024-03-22 09:00:00,2.636,9.49,49.8,9,4,0
2024-03-22 10:00:00,1.898,9.98,62.4,10,4,0
2024-03-22 11:00:00,1.506,11.88,60.0,11,4,0
2024-03-22 12:00:00,1.842,10.71,64.3,12,4,0
2024-03-22 13:00:00,1.385,14.97,63.2,13,4,0
2024-03-22 14:00:00,1.356,14.89,71.1,14,4,0
2024-03-22 15:00:00,1.252,15.55,72.5,15,4,0
2024-03-22 16:00:00,2.946,16.48,76.2,16,4,0
2024-03-22 17:00:00,1.857,17.62,79.1,17,4,0
2024-03-22 18:00:00,2.539,18.48,82.9,18,4,0
2024-03-22 19:00:00,2.988,19.0,80.1,19,4,0
2024-03-22 20:00:00,3.38,19.11,78.9,20,4,0
2024-03-22 21:00:00,3.143,18.68,72.3,21,4,0
2024-03-22 22:00:00,2.489,18.06,69.9,22,4,0
2024-03-22 23:00:00,1.809,17.38,74.3,23,4,0
2024-03-23 00:00:00,1.243,16.42,62.8,0,5,1
2024-03-23 01:00:00,1.135,16.14,66.1,1,5,1
2024-03-23 02:00:00,1.325,14.65,56.8,2,5,1
2024-03-23 03:00:00,1.491,11.37,54.4,3,5,1
2024-03-23 04:00:00,1.232,12.45,55.2,4,5,1
2024-03-23 05:00:00,1.448,11.24,54.3,5,5,1
2024-03-23 06:00:00,1.877,10.4,49.7,6,5,1
2024-03-23 07:00:00,2.728,9.74,49.3,7,5,1
2024-03-23 08:00:00,2.973,10.49,51.8,8,5,1
2024-03-23 09:00:00,2.866,10.54,55.4,9,5,1
2024-03-23 10:00:00,2.726,9.97,60.2,10,5,1
2024-03-23 11:00:00,2.464,11.39,61.1,11,5,1
2024-03-23 12:00:00,2.427,11.5,66.9,12,5,1
2024-03-23 13:00:00,2.115,12.34,73.8,13,5,1
2024-03-23 14:00:00,1.92,13.96,73.6,14,5,1
2024-03-23 15:00:00,1.648,16.03,76.5,15,5,1
2024-03-23 16:00:00,1.615,17.17,73.4,16,5,1
2024-03-23 17:00:00,1.834,17.84,71.6,17,5,1
2024-03-23 18:00:00,2.452,18.69,81.2,18,5,1
2024-03-23 19:00:00,3.109,19.02,79.2,19,5,1
2024-03-23 20:00:00,3.34,18.48,76.4,20,5,1
2024-03-23 21:00:00,3.083,18.97,76.3,21,5,1
2024-03-23 22:00:00,2.443,18.75,72.3,22,5,1
2024-03-23 23:00:00,1.698,18.01,72.3,23,5,1
2024-03-24 00:00:00,1.163,17.34,65.3,0,6,1
2024-03-24 01:00:00,1.231,15.97,58.9,1,6,1
2024-03-24 02:00:00,1.098,14.6,60.5,2,6,1
2024-03-24 03:00:00,1.304,13.87,53.7,3,6,1
2024-03-24 04:00:00,1.467,12.13,53.6,4,6,1
2024-03-24 05:00:00,3.791,10.69,49.1,5,6,1
2024-03-24 06:00:00,2.069,10.41,48.1,6,6,1
2024-03-24 07:00:00,2.673,9.61,50.8,7,6,1
2024-03-24 08:00:00,3.188,9.5,52.0,8,6,1
2024-03-24 09:00:00,2.898,9.98,55.8,9,6,1
2024-03-24 10:00:00,2.758,10.04,56.7,10,6,1
2024-03-24 11:00:00,3.759,11.05,55.6,11,6,1
2024-03-24 12:00:00,2.378,11.04,63.7,12,6,1
2024-03-24 13:00:00,2.023,13.39,71.3,13,6,1
2024-03-24 14:00:00,1.753,14.43,71.6,14,6,1
2024-03-24 15:00:00,1.712,15.11,74.9,15,6,1
2024-03-24 16:00:00,1.687,17.08,80.9,16,6,1
2024-03-24 17:00:00,1.867,18.19,77.4,17,6,1
2024-03-24 18:00:00,2.434,17.38,75.4,18,6,1
2024-03-24 19:00:00,3.015,18.34,79.0,19,6,1
2024-03-24 20:00:00,3.345,18.49,76.5,20,6,1
2024-03-24 21:00:00,3.199,18.24,72.7,21,6,1
2024-03-24 22:00:00,2.404,18.85,72.0,22,6,1
2024-03-24 23:00:00,1.82,17.53,70.4,23,6,1
2024-03-25 00:00:00,1.114,16.56,65.0,0,0,0
2024-03-25 01:00:00,1.227,14.43,62.0,1,0,0
2024-03-25 02:00:00,1.163,14.86,62.9,2,0,0
2024-03-25 03:00:00,1.399,12.57,53.4,3,0,0
2024-03-25 04:00:00,1.415,12.27,52.8,4,0,0
2024-03-25 05:00:00,1.47,11.47,49.0,5,0,0
2024-03-25 06:00:00,1.844,11.41,47.5,6,0,0
2024-03-25 07:00:00,2.579,9.36,48.8,7,0,0
2024-03-25 08:00:00,2.952,8.18,50.6,8,0,0
2024-03-25 09:00:00,2.483,10.26,55.5,9,0,0
2024-03-25 10:00:00,1.738,11.69,64.5,10,0,0
2024-03-25 11:00:00,1.541,12.07,59.0,11,0,0
2024-03-25 12:00:00,1.517,12.39,63.8,12,0,0
2024-03-25 13:00:00,1.454,13.06,68.7,13,0,0
2024-03-25 14:00:00,1.449,15.0,73.7,14,0,0
2024-03-25 15:00:00,1.32,15.1,76.4,15,0,0
2024-03-25 16:00:00,1.371,17.06,81.8,16,0,0
2024-03-25 17:00:00,1.666,18.01,72.2,17,0,0
2024-03-25 18:00:00,2.129,19.07,72.8,18,0,0
2024-03-25 19:00:00,3.13,20.54,78.0,19,0,0
2024-03-25 20:00:00,3.286,19.28,81.3,20,0,0
2024-03-25 21:00:00,3.09,18.59,70.9,21,0,0
2024-03-25 22:00:00,4.239,18.43,63.5,22,0,0
2024-03-25 23:00:00,1.935,16.67,70.6,23,0,0
2024-03-26 00:00:00,1.232,16.39,65.7,0,1,0
2024-03-26 01:00:00,1.213,15.48,57.8,1,1,0
2024-03-26 02:00:00,1.267,14.25,54.5,2,1,0
2024-03-26 03:00:00,1.271,13.49,51.5,3,1,0
2024-03-26 04:00:00,1.351,11.83,52.3,4,1,0
2024-03-26 05:00:00,1.548,12.06,48.6,5,1,0
2024-03-26 06:00:00,1.823,10.68,51.5,6,1,0
2024-03-26 07:00:00,2.58,10.23,41.9,7,1,0
2024-03-26 08:00:00,2.805,9.89,49.4,8,1,0
2024-03-26 09:00:00,2.561,10.34,51.0,9,1,0
2024-03-26 10:00:00,1.778,11.19,56.7,10,1,0
2024-03-26 11:00:00,1.743,10.89,59.5,11,1,0
2024-03-26 12:00:00,1.415,11.96,67.4,12,1,0
2024-03-26 13:00:00,1.414,13.26,63.3,13,1,0
2024-03-26 14:00:00,1.457,13.8,72.6,14,1,0
2024-03-26 15:00:00,1.342,15.28,77.3,15,1,0
2024-03-26 16:00:00,1.33,16.58,83.6,16,1,0
2024-03-26 17:00:00,1.732,18.33,78.0,17,1,0
2024-03-26 18:00:00,2.395,18.68,81.0,18,1,0
2024-03-26 19:00:00,3.207,19.09,74.1,19,1,0
2024-03-26 20:00:00,3.396,19.64,70.8,20,1,0
2024-03-26 21:00:00,3.137,18.9,78.1,21,1,0
2024-03-26 22:00:00,2.433,18.77,72.5,22,1,0
2024-03-26 23:00:00,1.714,17.76,72.4,23,1,0
2024-03-27 00:00:00,1.275,17.05,60.9,0,2,0
2024-03-27 01:00:00,1.24,15.46,62.7,1,2,0
2024-03-27 02:00:00,1.449,13.19,63.1,2,2,0
2024-03-27 03:00:00,1.167,13.41,55.7,3,2,0
2024-03-27 04:00:00,1.339,13.26,52.8,4,2,0
2024-03-27 05:00:00,1.359,12.04,50.5,5,2,0
2024-03-27 06:00:00,1.871,11.35,45.3,6,2,0
2024-03-27 07:00:00,2.565,11.07,54.6,7,2,0
2024-03-27 08:00:00,2.736,10.23,50.2,8,2,0
2024-03-27 09:00:00,2.52,10.45,55.9,9,2,0
2024-03-27 10:00:00,1.78,10.41,52.8,10,2,0
2024-03-27 11:00:00,1.52,11.31,57.6,11,2,0
2024-03-27 12:00:00,1.503,12.81,69.3,12,2,0
2024-03-27 13:00:00,1.493,14.25,67.8,13,2,0
2024-03-27 14:00:00,1.364,14.61,76.9,14,2,0
2024-03-27 15:00:00,1.332,15.59,75.4,15,2,0
2024-03-27 16:00:00,1.324,16.95,72.5,16,2,0
2024-03-27 17:00:00,1.808,18.25,82.2,17,2,0
2024-03-27 18:00:00,2.355,17.74,78.2,18,2,0
2024-03-27 19:00:00,3.196,17.68,81.6,19,2,0
2024-03-27 20:00:00,3.424,18.89,78.1,20,2,0
2024-03-27 21:00:00,3.139,18.34,71.0,21,2,0
2024-03-27 22:00:00,2.378,18.32,73.0,22,2,0
2024-03-27 23:00:00,1.771,17.82,75.5,23,2,0
2024-03-28 00:00:00,1.186,16.71,66.5,0,3,0
2024-03-28 01:00:00,1.077,16.77,60.9,1,3,0
2024-03-28 02:00:00,1.065,14.94,60.7,2,3,0
2024-03-28 03:00:00,1.172,13.76,55.0,3,3,0
2024-03-28 04:00:00,1.347,12.87,52.6,4,3,0
2024-03-28 05:00:00,1.504,10.89,47.2,5,3,0
2024-03-28 06:00:00,1.767,11.48,50.7,6,3,0
2024-03-28 07:00:00,3.878,10.37,53.6,7,3,0
2024-03-28 08:00:00,2.83,10.67,49.5,8,3,0
2024-03-28 09:00:00,2.561,9.78,58.7,9,3,0
2024-03-28 10:00:00,2.036,9.94,57.2,10,3,0
2024-03-28 11:00:00,1.599,12.08,58.5,11,3,0
2024-03-28 12:00:00,3.953,12.75,68.0,12,3,0
2024-03-28 13:00:00,1.57,13.08,68.0,13,3,0
2024-03-28 14:00:00,1.295,14.26,74.8,14,3,0
2024-03-28 15:00:00,1.218,16.63,74.7,15,3,0
2024-03-28 16:00:00,1.227,16.33,77.8,16,3,0
2024-03-28 17:00:00,1.915,18.96,81.0,17,3,0
2024-03-28 18:00:00,2.399,18.16,80.9,18,3,0
2024-03-28 19:00:00,3.007,19.53,73.5,19,3,0
2024-03-28 20:00:00,5.929,19.11,74.6,20,3,0
2024-03-28 21:00:00,3.088,19.52,78.4,21,3,0
2024-03-28 22:00:00,2.464,18.39,72.1,22,3,0
2024-03-28 23:00:00,1.828,17.9,67.3,23,3,0
2024-03-29 00:00:00,1.134,17.1,60.9,0,4,0
2024-03-29 01:00:00,1.255,15.39,57.9,1,4,0
2024-03-29 02:00:00,1.149,15.27,51.4,2,4,0
2024-03-29 03:00:00,1.24,13.36,54.1,3,4,0
2024-03-29 04:00:00,1.393,12.45,50.2,4,4,0
2024-03-29 05:00:00,1.491,11.06,47.6,5,4,0
2024-03-29 06:00:00,1.968,9.41,49.8,6,4,0
2024-03-29 07:00:00,2.588,10.39,51.6,7,4,0
2024-03-29 08:00:00,2.707,11.8,58.3,8,4,0
2024-03-29 09:00:00,2.463,10.98,49.9,9,4,0
2024-03-29 10:00:00,1.826,10.95,61.0,10,4,0
2024-03-29 11:00:00,4.51,11.52,64.0,11,4,0
2024-03-29 12:00:00,1.535,12.63,62.7,12,4,0
2024-03-29 13:00:00,1.441,14.03,69.5,13,4,0
2024-03-29 14:00:00,1.417,14.17,71.1,14,4,0
2024-03-29 15:00:00,1.23,16.71,76.2,15,4,0
2024-03-29 16:00:00,1.324,17.56,82.5,16,4,0
2024-03-29 17:00:00,1.806,18.5,81.3,17,4,0
2024-03-29 18:00:00,2.468,19.05,81.5,18,4,0
2024-03-29 19:00:00,3.116,19.25,78.2,19,4,0
2024-03-29 20:00:00,3.43,19.8,73.5,20,4,0
2024-03-29 21:00:00,3.082,19.6,75.0,21,4,0
2024-03-29 22:00:00,2.447,18.59,76.1,22,4,0
2024-03-29 23:00:00,1.71,17.75,64.3,23,4,0
2024-03-30 00:00:00,1.174,17.22,61.8,0,5,1
2024-03-30 01:00:00,1.311,17.01,61.5,1,5,1
2024-03-30 02:00:00,1.226,14.18,54.5,2,5,1
2024-03-30 03:00:00,1.289,12.88,52.0,3,5,1
2024-03-30 04:00:00,1.466,12.77,50.7,4,5,1
2024-03-30 05:00:00,1.382,11.78,46.4,5,5,1
2024-03-30 06:00:00,1.813,11.14,47.1,6,5,1
2024-03-30 07:00:00,2.731,10.74,52.6,7,5,1
2024-03-30 08:00:00,3.094,10.31,48.1,8,5,1
2024-03-30 09:00:00,2.797,11.49,49.6,9,5,1
2024-03-30 10:00:00,2.584,10.09,55.6,10,5,1
2024-03-30 11:00:00,2.515,11.27,63.3,11,5,1
2024-03-30 12:00:00,2.359,12.64,64.4,12,5,1
2024-03-30 13:00:00,2.075,12.81,67.5,13,5,1
2024-03-30 14:00:00,1.858,14.86,72.6,14,5,1
2024-03-30 15:00:00,1.67,17.13,70.4,15,5,1
2024-03-30 16:00:00,1.662,17.23,79.5,16,5,1
2024-03-30 17:00:00,1.725,18.29,80.6,17,5,1
2024-03-30 18:00:00,2.544,18.12,78.8,18,5,1
2024-03-30 19:00:00,3.181,18.96,82.5,19,5,1
2024-03-30 20:00:00,3.371,19.26,74.6,20,5,1
2024-03-30 21:00:00,3.09,19.14,79.0,21,5,1
2024-03-30 22:00:00,2.431,19.66,73.0,22,5,1
2024-03-30 23:00:00,1.746,18.51,67.9,23,5,1
