id,category,title,document_text,reference_summary,source
DOC_001,Artificial Intelligence & Civil Engineering,UAV Computer Vision for Bridge Structural Health Monitoring,"Artificial Intelligence and Computer Vision algorithms have revolutionized structural health monitoring in civil infrastructure. Traditional bridge inspection workflows rely on manual visual checks and scaffolding, which are labor-intensive, hazardous, and prone to subjective error. In recent deployments, autonomous unmanned aerial vehicles (UAVs) equipped with high-resolution 4K optical cameras and LiDAR sensors traverse civil structures along pre-programmed GPS coordinates. Convolutional neural networks (CNNs), specifically YOLOv8 and Mask R-CNN architectures, process aerial imagery in real time to identify concrete micro-cracks, surface spalling, rebar corrosion, and structural deflections. The automated system segments defect boundaries down to 0.1-millimeter crack widths with 94.8% classification precision. Edge-computing microprocessors mounted directly on drone airframes enable onboard inference, transmitting flagged anomaly coordinates instantly to engineering teams. This automated aerial pipeline cuts inspection durations by 75% and substantially lowers maintenance overhead while drastically improving worker safety on high-span bridges.","Autonomous UAVs equipped with optical cameras and CNN computer vision architectures automate structural bridge inspections. The system detects concrete cracks and corrosion down to 0.1 mm with 94.8% precision, cutting inspection times by 75% and improving safety.",Journal of Civil Structural Health & AI Monitoring
DOC_002,Energy & Power Systems,Recurrent Deep Learning for Smart Grid Load Forecasting,"Modern electrical power grids face severe grid stability challenges due to the intermittent nature of renewable energy generation from wind farms and distributed solar photovoltaic installations. To mitigate sudden supply-demand mismatches, utility operators are deploying deep sequence learning models to forecast hourly energy consumption and generation profiles. Recurrent Neural Networks (RNNs), Long Short-Term Memory (LSTM) units, and Gated Recurrent Units (GRUs) model multi-variate time-series containing historical power demand, ambient temperature, solar irradiance, wind speed, and consumer holiday schedules. By capturing non-linear diurnal cycles and weather correlations, LSTM models achieve a Mean Absolute Percentage Error (MAPE) of 2.84%, outperforming traditional ARIMA statistical baselines by over 38%. The forecasted demand trajectories feed into automated automated dynamic battery energy storage systems (BESS) and peaker power plants, facilitating smooth grid frequency regulation and minimizing fossil-fuel spinning reserve costs.","Deep recurrent models such as LSTMs accurately forecast hourly smart grid power demand with a 2.84% MAPE by modeling weather and consumption patterns, enabling efficient renewable energy integration and battery storage optimization.",IEEE Transactions on Power Systems & Smart Grids
DOC_003,Automotive & Mechanical Systems,Deep Reinforcement Learning in EV Battery Thermal Management,"Electric vehicle (EV) battery packs require stringent temperature regulation to ensure safety, prevent thermal runaway, and maximize lithium-ion cell cycle longevity. Operating temperatures must remain strictly between 20°C and 35°C during both rapid DC fast charging and aggressive highway discharge cycles. Conventional rule-based thermostatic controllers often over-cool or lag behind thermal spikes, wasting auxiliary power and accelerating battery degradation. Automotive engineers have developed Deep Deterministic Policy Gradient (DDPG) and Proximal Policy Optimization (PPO) reinforcement learning agents to control variable-speed coolant pumps, electronic expansion valves, and thermoelectric cooling loops. Trained on high-fidelity electro-thermal digital twin models, the RL controller anticipates temperature surges based on driver throttle inputs and terrain elevation. Experimental tests show an 18.5% reduction in cooling energy consumption and a 22% reduction in spatial cell temperature variance.","Deep reinforcement learning agents optimize electric vehicle battery thermal cooling systems, maintaining optimal cell temperatures while reducing auxiliary cooling energy consumption by 18.5% and mitigating thermal runaway risks.",SAE International Journal of Electrified Vehicles
DOC_004,Biomedical Engineering,Transformer Attention Networks for Arrhythmia Detection from ECG,"Cardiovascular diseases represent a leading cause of global mortality, with cardiac arrhythmias requiring rapid, accurate clinical diagnosis. Traditional 12-lead electrocardiogram (ECG) interpretation by cardiologists is constrained by fatigue and inter-observer variability. Deep learning architectures have advanced automated ECG analysis, but standard convolutional models often struggle to capture long-range rhythmic dependencies spanning several cardiac cycles. Researchers developed a multi-head Self-Attention Transformer network capable of processing raw 12-lead voltage streams at 500 Hz sampling rates. The model tokenizes continuous waveform segments using temporal convolutional embeddings before passing them through six Transformer encoder layers. Evaluating on the MIT-BIH Arrhythmia benchmark, the model achieved a 99.1% sensitivity for ventricular premature contractions and atrial fibrillation. The self-attention heatmaps highlight clinically salient P-wave and QRS complex morphology, providing interpretable visual explanations for clinical decision support.","A multi-head self-attention Transformer network analyzes 12-lead ECG signals to detect cardiac arrhythmias with 99.1% sensitivity, providing interpretable attention heatmaps over P-wave and QRS complexes for clinical support.",Nature Digital Medicine & Healthcare Engineering
DOC_005,Cybersecurity & Cloud Systems,Graph Neural Networks for Zero-Day Cloud Intrusion Detection,"Cloud computing environments host distributed microservices that generate massive volumes of heterogeneous network flow telemetry and system call logs. Traditional signature-based Intrusion Detection Systems (IDS) fail against zero-day exploits and multi-stage Advanced Persistent Threats (APTs) that camouflage malicious lateral movement across virtual private clouds. Security engineers constructed a spatial-temporal Graph Neural Network (GNN) framework that models cloud infrastructure as a dynamic graph. In this graph, compute nodes, containers, and databases serve as vertices, while TCP/IP connections, API calls, and IAM permissions constitute edges. Message passing layers compute topological embeddings that identify anomalous subgraph patterns indicative of privilege escalation and data exfiltration. The framework achieved an Area Under the ROC Curve (AUC) of 0.982 on enterprise benchmark datasets with an inference latency under 15 milliseconds, enabling proactive automated container isolation.","A dynamic Graph Neural Network framework detects zero-day cloud intrusions by analyzing network telemetry and IAM permissions as graph embeddings, achieving a 0.982 AUC and enabling sub-15ms automated threat response.",ACM Transactions on Privacy and Cloud Security
DOC_006,Robotics & Manufacturing,Vision-Language-Action Models for Industrial Robot Assembly,"Industrial manufacturing requires flexible robotic manipulation capable of adapting to diverse assembly tasks without weeks of manual reprogramming. Vision-Language-Action (VLA) models combine multimodal transformer foundation models with continuous robotic motor trajectory generation. The system ingests natural language operator instructions such as 'fasten the bracket to the chassis using M4 bolts' along with stereoscopic RGB-D camera feeds of the assembly workstation. The transformer aligns visual affordances with language semantics to output 7-degree-of-freedom end-effector waypoints and gripper torque profiles. During extensive factory trials, the VLA model achieved a 96.4% success rate across 45 novel mechanical parts, reducing reconfiguration downtime from 48 hours to under 10 minutes. Closed-loop visual feedback enables real-time compensation for part misalignments and worker hand interference.","Vision-Language-Action models translate natural language assembly commands and 3D visual feeds into robotic motor trajectories, achieving a 96.4% task success rate and cutting assembly line reconfiguration time from 48 hours to 10 minutes.",IEEE Robotics and Automation Letters
DOC_007,Environmental Science & Remote Sensing,Satellite Multispectral AI for Deforestation and Carbon Sink Mapping,"Monitoring global deforestation and carbon sequestration dynamics requires continuous, wide-area remote sensing analytics. European Space Agency Sentinel-2 and NASA Landsat satellites capture terabytes of optical and near-infrared multispectral imagery daily. Analyzing this deluge of satellite data requires robust deep learning segmentation models that remain resilient against heavy cloud cover and seasonal phenological shifts. A hierarchical U-Net architecture integrated with temporal attention was deployed to segment rainforest canopy density, illegal logging roads, and wildfire burns across 5 million square kilometers of the Amazon basin. The model cross-references synthetic aperture radar (SAR) data from Sentinel-1 to penetrate cloud cover during the monsoon season. Validated against airborne LiDAR field surveys, the model accurately quantified above-ground biomass with an R-squared of 0.91, allowing international carbon credit registries to verify forestry conservation covenants in near real time.","Hierarchical temporal U-Nets analyze multispectral satellite imagery and SAR data to monitor deforestation and quantify above-ground biomass with R2=0.91, providing near-real-time verification for carbon credit registries.",Remote Sensing of Environment Journal
DOC_008,Quantum Computing,Machine Learning for Quantum Circuit Optimization and Error Mitigation,"Noisy Intermediate-Scale Quantum (NISQ) processors are severely limited by decoherence, gate infidelities, and cross-talk noise. Executing complex quantum algorithms like the Variational Quantum Eigensolver (VQE) requires transpiling abstract quantum circuits into minimal depth hardware-native pulse sequences. Researchers formulated quantum circuit compilation as a reinforcement learning Markov Decision Process. The RL agent discovers optimal gate cancellation rules, qubit routing topologies, and dynamical decoupling sequences tailored to instantaneous hardware calibration matrices. Across 54-qubit superconducting quantum processors, the ML compilation framework reduced two-qubit CNOT gate counts by 42% and enhanced algorithmic fidelity by a factor of 2.3. This breakthrough enables quantum simulations of molecular electronic structures that were previously intractable due to noise accumulation.","Reinforcement learning optimizes quantum circuit compilation on NISQ superconducting processors, reducing CNOT gate counts by 42% and doubling algorithmic fidelity for molecular quantum simulations.",Physical Review Applied & Quantum Information
DOC_009,Aerospace & Autonomous Navigation,Neuromorphic Event Cameras and Spiking Neural Networks for High-Speed Drone Flight,"Autonomous quadcopters navigating dense forest canopies and indoor environments at speeds exceeding 15 meters per second require ultra-low-latency perception systems. Standard CMOS frame-based cameras suffer from motion blur and frame rate bottlenecks (30-60 FPS), limiting reaction times during dynamic obstacle avoidance. Engineers integrated bio-inspired neuromorphic event cameras that asynchronously record microsecond-level brightness changes per pixel with a dynamic range of 120 dB. The asynchronous event stream is ingested by a Spiking Neural Network (SNN) executed on an ultra-low-power neuromorphic processor consuming under 1.5 Watts. The SNN estimates optical flow and obstacle proximity with 2-millisecond latency. In flight trials through obstacle courses, the neuromorphic quadcopter avoided 98.7% of incoming projectiles and thin wires, proving the viability of neuromorphic AI for agile autonomous robotics.","Neuromorphic event cameras coupled with Spiking Neural Networks provide 2 ms obstacle perception at 1.5W power, enabling autonomous drones to avoid high-speed obstacles and navigate challenging environments.",Science Robotics & Aerospace Navigation
DOC_010,Materials Science & Nanotechnology,Generative Diffusion Models for Novel Solid-State Electrolyte Discovery,"The development of next-generation all-solid-state lithium batteries requires solid electrolytes exhibiting high ionic conductivity, broad electrochemical stability windows, and mechanical ductility. Traditional trial-and-error laboratory synthesis is costly and slow, exploring only a tiny fraction of the infinite chemical space. Materials scientists introduced 3D Crystal Generative Diffusion Models (DiffCSP) trained on 150,000 DFT-calculated inorganic crystal structures. The generative model denoises atom positions, space group symmetries, and unit cell vectors simultaneously. The model proposed 28 previously uncatalogued lithium thiophosphate crystal structures, which were then evaluated using automated ab-initio molecular dynamics simulations. Four synthesized candidates demonstrated room-temperature lithium-ion conductivities exceeding 12 mS/cm, matching liquid electrolytes while eliminating flammability hazards.","3D Crystal Generative Diffusion Models accelerated solid-state electrolyte discovery, generating novel lithium thiophosphate crystals with ionic conductivity over 12 mS/cm to enable safe, high-energy solid-state batteries.",Advanced Energy Materials & AI Synthesis
